mutation	pos	classification	logEC50_norm	amplitude_norm	logEC50_mean	logEC50_SEM	amplitude_mean	amplitude_SEM	potency	efficacy	pharma_important
G2A	2.0	bystander	0.269051359510857	1.03729691667528	-6.77122747276509	0.21609800250678	0.0735210579941253	0.00871015742133793	WT-like	WT-like	0.0
Q3A	3.0	bystander	-0.290665595604709	1.11771374861486	-7.33094442788066	0.184628670128467	0.071031314384755	0.00306539158516379	WT-like	WT-like	0.0
P4A	4.0	bystander	-0.148059436602175	1.04488669682012	-7.18833826887812	0.237972551786471	0.0664061628535606	0.00789370739844844	WT-like	WT-like	0.0
G5A	5.0	bystander	-0.512876208165382	1.04820013221822	-7.55315504044133	0.163017493170706	0.067003650838153	0.00447093444983589	WT-like	WT-like	0.0
N6A	6.0	bystander	-0.177951039455425	1.17055952563415	-7.21822987173137	0.0837910107075189	0.074256066961533	0.00286766235337226	WT-like	WT-like	0.0
G7A	7.0	bystander	0.140457193027971	0.891056654349988	-6.89982163924798	0.0439775651324999	0.061069811713404	0.0071716645978079	WT-like	WT-like	0.0
S8A	8.0	modulator	-0.0354095432358458	0.544550974873234	-7.07568837551179	0.152519763715113	0.0368805874958343	0.0116318173236248	WT-like	reduced	1.0
A9G	9.0	bystander	-0.175990826449873	0.94280046568309	-7.21626965872582	0.160354391161392	0.0612141132921932	0.00726643629528283	WT-like	WT-like	0.0
F10A	10.0	bystander	-0.141860337673733	1.17390369949285	-7.18213916994968	0.220770459258116	0.0763421550830147	0.00827385867902282	WT-like	WT-like	0.0
L11A	11.0	bystander	-0.275247542681386	1.07962346243059	-7.31552637495733	0.0509933018774948	0.0704023131702012	0.00669605916016029	WT-like	WT-like	0.0
L12A	12.0	bystander	0.0714945734561687	1.17928873394167	-6.96878425881978	0.246115747047989	0.0765019240806057	0.00998258573446434	WT-like	WT-like	0.0
A13G	13.0	bystander	0.0634929614294588	1.04368103894305	-6.97678587084649	0.192012896618018	0.0685212456239942	0.00485371214824387	WT-like	WT-like	0.0
P14A	14.0	bystander	0.0452552627355243	1.06241271253239	-6.99502356954042	0.210083619594269	0.0749141103119526	0.00787867750801849	WT-like	WT-like	0.0
N15A	15.0	bystander	0.00542635297493365	0.950925035919493	-7.03485247930101	0.235990334417007	0.0618062528474107	0.00938190321311071	WT-like	WT-like	0.0
R16A	16.0	bystander	0.235963135547631	0.77943186392161	-6.80431569672832	0.425684332581909	0.05043000803907	0.00797339487579671	WT-like	WT-like	0.0
S17A	17.0	bystander	-0.210626171149433	0.948653513358189	-7.25090500342538	0.405293193313908	0.061557816572233	0.00841442646633259	WT-like	WT-like	0.0
H18A	18.0	bystander	0.0583676132062884	0.89990666446328	-6.98191121906966	0.144499424481996	0.0582899801338162	0.00854744511547881	WT-like	WT-like	0.0
A19G	19.0	bystander	0.359791741142301	0.866133055375729	-6.68048709113365	0.236424279609175	0.0563558969457162	0.00666679457589713	WT-like	WT-like	0.0
P20A	20.0	bystander	0.187515185584698	0.897386422651813	-6.85276364669125	0.237656734695531	0.0582989899904595	0.00619783704594688	WT-like	WT-like	0.0
D21A	21.0	bystander	0.32072498256205	0.854498755063749	-6.7195538497139	0.419848858365683	0.0545526751904643	0.012322756501958	WT-like	WT-like	0.0
H22A	22.0	bystander	-0.223921316573723	0.950553040001089	-7.26420014884967	0.133930001200132	0.0618199498303175	0.0069282512970188	WT-like	WT-like	0.0
D23A	23.0	bystander	-0.0746981882724564	0.931174125810927	-7.1149770205484	0.292693863709361	0.0605883508649492	0.0052299550533878	WT-like	WT-like	0.0
V24A	24.0	bystander	0.0209531351080887	1.03759982592026	-7.01932569716786	0.191451474834274	0.0671998369281457	0.0077023217654384	WT-like	WT-like	0.0
T25A	25.0	bystander	-0.0785834390394091	0.970042382586155	-7.11886227131536	0.224475864423909	0.0630716705572344	0.00523872601631865	WT-like	WT-like	0.0
Q26A	26.0	bystander	-0.0778790712146788	1.12155738793228	-7.11815790349063	0.288734552902509	0.0795229778373463	0.01051842870309	WT-like	WT-like	0.0
Q27A	27.0	bystander	-0.107520371482036	1.11223130822393	-7.14779920375798	0.130759469470445	0.0902039956258302	0.00153234505533983	WT-like	WT-like	0.0
R28A	28.0	bystander	-0.224461448095471	1.04263566031688	-7.26474028037142	0.129687592679631	0.0847408801000852	0.00266327904703422	WT-like	WT-like	0.0
D29A	29.0	bystander	-0.228777413660599	1.03940865518437	-7.26905624593655	0.0580666343107428	0.0844529961030969	0.0022846638853243	WT-like	WT-like	0.0
E30A	30.0	bystander	-0.099562534552424	0.991078006821558	-7.13984136682837	0.0897555557803121	0.080564859346607	0.00399445580579526	WT-like	WT-like	0.0
V31A	31.0	bystander	-0.275351339223726	1.02726518275094	-7.31563017149967	0.0664581798990167	0.0834924059992899	0.00454687801567244	WT-like	WT-like	0.0
W32A	32.0	bystander	0.0638603272128162	0.959622656213466	-6.97641850506313	0.161829216444179	0.0776800695166397	0.00140674930532887	WT-like	WT-like	0.0
V33A	33.0	bystander	-0.0572618896542214	0.993497829521168	-7.09754072193017	0.0705337117199161	0.080597134949029	0.00389440079250094	WT-like	WT-like	0.0
V34A	34.0	bystander	-0.0476181307158114	0.940697609674587	-7.08789696299176	0.142052593154217	0.0769004840093232	0.00615598258343406	WT-like	WT-like	0.0
G35A	35.0	bystander	-0.134937863556394	0.967063430419633	-7.17521669583234	0.250975986066376	0.0788393176473289	0.004177897793158	WT-like	WT-like	0.0
M36A	36.0	bystander	0.332625366626788	0.928898855000541	-6.70765346564916	0.143243670577	0.0756527835684387	0.00382350769201152	WT-like	WT-like	0.0
G37A	37.0	bystander	0.204397933094844	0.91145644950841	-6.8358808991811	0.340391026503978	0.0760154496362026	0.00863879809765127	WT-like	WT-like	0.0
I38A	38.0	bystander	0.274472506119717	0.975775425914519	-6.76580632615623	0.177279585487993	0.0686549150458553	0.00640845485102044	WT-like	WT-like	0.0
V39A	39.0	bystander	-0.0703141191316314	0.974466659674856	-7.11059295140758	0.117253600837403	0.0790665121182105	0.00350785766060675	WT-like	WT-like	0.0
M40A	40.0	bystander	0.225556148176248	1.0150493922137	-6.8147226840997	0.0933979441509781	0.0824230179696369	0.00554734293599517	WT-like	WT-like	0.0
S41A	41.0	bystander	-0.101968525282869	1.04269640258941	-7.14224735755882	0.245065010432999	0.0849053489443095	0.00478478101829059	WT-like	WT-like	0.0
L42A	42.0	bystander	-0.220455211345803	0.969529182821717	-7.26073404362175	0.133054994538644	0.078631468530512	0.000798617224717282	WT-like	WT-like	0.0
I43A	43.0	passenger	0.143887181215081	0.97506644390285	-6.89639165106087	0.217567893210462	0.0786452661401289	0.00262711030963764	WT-like	WT-like	0.0
V44A	44.0	bystander	0.0717119466994675	0.774294290737772	-6.96856688557648	0.349411596990914	0.0608665393086989	0.00633431145729781	WT-like	WT-like	0.0
L45A	45.0	bystander	-0.506606720577961	0.950605615732483	-7.54688555285391	0.167790796263041	0.0771194328421859	0.00770705234523387	WT-like	WT-like	0.0
A46G	46.0	bystander	0.118717945628866	0.820630349640213	-6.92156088664708	0.178226015279944	0.0671107289699822	0.00624898734867241	WT-like	WT-like	0.0
I47A	47.0	passenger	-0.130121874451816	0.903091547133682	-7.17040070672776	0.275937766419512	0.0732972841277977	0.00473013459581843	WT-like	WT-like	0.0
V48A	48.0	bystander	0.341769189441826	0.845663191679251	-6.69850964283412	0.0579080200208389	0.0688848165762869	0.00529356276180644	WT-like	WT-like	0.0
F49A	49.0	modulator	-0.149785583987528	0.705786124526521	-7.19006441626348	0.191155668166112	0.0589914374006363	0.0073491638913612	WT-like	reduced	1.0
G50A	50.0	bystander	-0.121048408487075	0.788492847977212	-7.16132724076302	0.475905498066077	0.0561044594876973	0.0113414984017152	WT-like	WT-like	0.0
N51A	51.0		0.956991646546848	0.37935353246807	-6.0832871857291	0.242790965512706	0.0313471621646253	0.0024598694797366			
V52A	52.0	bystander	-0.209308646755138	0.989137624935657	-7.24958747903109	0.1939431792435	0.081425469386742	0.00103456570618209	WT-like	WT-like	0.0
L53A	53.0	bystander	0.0911694037265877	0.873915445054112	-6.94910942854936	0.171814498206629	0.07258206693014	0.00472088688242589	WT-like	WT-like	0.0
V54A	54.0	passenger	0.353098248473057	0.936362364634405	-6.68718058380289	0.149931179729489	0.077323908828593	0.00158332177607481	WT-like	WT-like	0.0
I55A	55.0		0.926257084103744	0.426032984874463	-6.1140217481722	0.320030258206052	0.0352529712008216	0.00174558295574544			
T56A	56.0	bystander	0.0321916722189377	1.050698993198	-7.00808716005701	0.0853462677677245	0.0871415470460943	0.00428608151621058	WT-like	WT-like	0.0
A57G	57.0	passenger	0.863884503344497	0.961734966566408	-6.17639432893145	0.143578042602742	0.0802951588195633	0.00804227650889767	WT-like	WT-like	0.0
I58A	58.0	modulator	0.576493197161897	0.626009455863661	-6.46378563511405	0.146211444306406	0.0512683959752476	0.0040505332511024	WT-like	reduced	1.0
A59G	59.0	bystander	0.700152526502501	0.910224529834352	-6.34012630577345	0.144731886664473	0.0756710918957117	0.00585593494547631	WT-like	WT-like	0.0
K60A	60.0	modulator	1.0473941226319	0.676473335428214	-5.99288470964404	0.341651720646351	0.0557304009593563	0.00322206203319171	reduced	reduced	1.0
F61A	61.0	bystander	0.42885393941222	0.845595540680884	-6.61142489286373	0.0884931859482148	0.0697394253198283	0.00177802634362941	WT-like	WT-like	0.0
E62A	62.0	bystander	0.505625447713534	1.27880283549335	-6.53465338456241	0.0178639433746355	0.0899159155122523	0.00917476931524884	WT-like	WT-like	0.0
R63A	63.0	passenger	0.400934343659541	1.19238691960571	-6.63934448861641	0.140520633620178	0.0984477632859823	0.0021688691608405	WT-like	WT-like	0.0
L64A	64.0		0.748101178122927	0.376487696763852	-6.29217765415302	0.160995665721848	0.0316144894412383	0.00494322100476418			
Q65A	65.0	passenger	0.112335244826301	0.819837092271941	-6.92794358744965	0.11629252530122	0.0679954861852589	0.00430510004742126	WT-like	WT-like	0.0
T66A	66.0	disconnected driver	0.749839562745031	0.696146531514908	-6.29043926953091	0.446098647761209	0.061702087002743	0.00552013481105698	WT-like	reduced	1.0
V67A	67.0	bystander	-0.322941339535272	0.864638974597542	-7.36322017181122	0.0144262881511934	0.0715308328656913	0.00247531220374828	WT-like	WT-like	0.0
T68A	68.0	connected driver	0.126734062358104	0.722370611983572	-6.91354476991784	0.270122131629859	0.0597865198913073	0.00535947910206986	WT-like	reduced	1.0
N69A	69.0	bystander	0.338500263479281	0.837529175020647	-6.70177856879667	0.214532621268991	0.0696963412777186	0.00556358675068256	WT-like	WT-like	0.0
Y70A	70.0	passenger	0.495442869058674	0.944488938269151	-6.54483596321727	0.0681859691344863	0.078169249260926	0.00286769296566247	WT-like	WT-like	0.0
F71A	71.0	connected driver	1.10231976746761	0.603480264840476	-5.93795906480833	0.120135749907623	0.0502416409249473	0.00415030589495705	reduced	reduced	1.0
I72A	72.0	connected driver	1.21130062948377	0.743343688421048	-5.82897820279217	0.196442673147037	0.061503564188656	0.00279727593230838	reduced	WT-like	1.0
T73A	73.0	bystander	-0.680346926176042	0.905272613771939	-7.72062575845199	0.0660229447406793	0.0741724027390899	0.00459908181310799	WT-like	WT-like	0.0
S74A	74.0		0.610880346348058	1.3451668093185	-6.42939848592789	0.151725574801747	0.0953016092009023	0.0143045136618377	WT-like	increased	
L75A	75.0	passenger	0.560141952755621	1.15346828349753	-6.48013687952033	0.0312871037486334	0.0892879701525166	0.00357238615348445	WT-like	WT-like	0.0
A76G	76.0	modulator	1.53297034084477	0.603518282593172	-5.50730849143118	0.323143814465865	0.046803755608312	0.00484922647244452	reduced	reduced	1.0
C77A	77.0	bystander	0.209929952906991	1.1254084717332	-6.83034887936896	0.347731962615554	0.0872163288795546	0.00250576299496057	WT-like	WT-like	0.0
A78G	78.0	disconnected driver	1.09874786162246	0.826072755295419	-5.94153097065348	0.0804107457742612	0.0640303472760406	0.0043169408049235	reduced	WT-like	1.0
D79A	79.0	connected driver	1.66048258285324	0.52971736568771	-5.3797962494227	0.153979064903791	0.0409441087856516	0.0029505252777152	reduced	reduced	1.0
L80A	80.0	passenger	0.368364896945887	0.823395417377607	-6.67191393533006	0.42599281823829	0.0637063719309253	0.00335923312439054	WT-like	WT-like	0.0
V81A	81.0	bystander	-0.397875010259599	0.942066720446988	-7.43815384253555	0.140080606057321	0.0732039906007763	0.00745295215576137	WT-like	WT-like	0.0
M82A	82.0	disconnected driver	2.14389606320485	1.19991569373472	-4.89638276907109	0.114609660094399	0.0928501966705886	0.00309849072056801	reduced	WT-like	1.0
G83A	83.0	modulator	0.950729707611907	0.892085531333541	-6.08954912466404	0.131327344602732	0.0691316053633786	0.00205520035794398	reduced	WT-like	1.0
L84A	84.0	bystander	-0.126613153956022	1.06744390668162	-7.16689198623197	0.246685677104465	0.08265662112869	0.000377918184333777	WT-like	WT-like	0.0
A85G	85.0	bystander	0.265737162345147	0.98471189374221	-6.7745416699308	0.187187860472359	0.0761735247957623	0.0027671251785733	WT-like	WT-like	0.0
V86A	86.0	modulator	1.19492215584256	0.77579533374393	-5.84535667643338	0.121205853476373	0.0550691127928856	0.00829701721024754	reduced	WT-like	1.0
V87A	87.0		0.944327382692077	0.408209841756184	-6.09595144958387	0.484072732837442	0.0317869486042996	0.00538408874431851			
P88A	88.0		1.5098519489323	0.322216636447781	-5.53042688334365	0.476978524538301	0.0251130142355433	0.00519503903199368			
F89A	89.0	bystander	0.0479161277353575	0.827766301014166	-6.99236270454059	0.277837892836198	0.0642318612155909	0.00447514845639623	WT-like	WT-like	0.0
G90A	90.0	bystander	0.462247833840087	1.12404839535345	-6.57803099843586	0.164864338848211	0.08709132481333	0.00229445255710243	WT-like	WT-like	0.0
A91G	91.0	bystander	-0.0852107549025324	0.980942847411708	-7.12548958717848	0.180400648151109	0.0759615742236736	0.000450394220118936	WT-like	WT-like	0.0
A92G	92.0	bystander	0.0981786069213879	0.805605693179789	-6.94210022535456	0.068017192716213	0.0624212674371743	0.00115503158119361	WT-like	WT-like	0.0
H93A	93.0	bystander	0.62453223125113	0.84187613834821	-6.41574660102482	0.0491781648008922	0.0651316569396037	0.00252898028481893	WT-like	WT-like	0.0
I94A	94.0	bystander	0.366114276325174	0.941172305150249	-6.67416455595077	0.204757331427376	0.0728490681546083	0.000937014400416557	WT-like	WT-like	0.0
L95A	95.0	bystander	0.155435540596188	0.880750618753311	-6.88484329167976	0.143548135248208	0.068279108700068	0.00296396103206728	WT-like	WT-like	0.0
M96A	96.0	bystander	0.434835634661927	0.803456061375971	-6.60544319761402	0.400795368901615	0.062064556854179	0.00552785136931791	WT-like	WT-like	0.0
K97A	97.0	bystander	0.566207852100291	0.928561365108244	-6.47407098017566	0.0137311496858321	0.0717666486196263	0.00731281601338025	WT-like	WT-like	0.0
M98A	98.0	bystander	0.160158358199587	0.881600767463388	-6.88012047407636	0.1285048473181	0.0614820266084253	0.00639365903382639	WT-like	WT-like	0.0
W99A	99.0		2.58696662311794	0.0	-4.453312209158	1.49608382643305	0.0	0.0			
T100A	100.0	bystander	0.103554533763961	1.01316038618811	-6.93672429851199	0.378283865134342	0.0864393249841296	0.00311284462178847	WT-like	WT-like	0.0
F101A	101.0	modulator	0.524272029534311	0.502990381713412	-6.51600680274164	0.0610551671402724	0.0427371229020696	0.00278134988133856	WT-like	reduced	1.0
G102A	102.0	modulator	1.19951978161261	0.405154450984321	-5.84075905066333	0.651196267461779	0.0339604066616729	0.00390972708774715	reduced	reduced	1.0
N103A	103.0	bystander	-0.294024392317992	0.876609777010744	-7.33430322459394	0.0896473574569203	0.0749064443043469	0.00419615336642737	WT-like	WT-like	0.0
F104A	104.0	bystander	0.172394704666137	0.990482422487773	-6.86788412760981	0.136164419060926	0.084155223552261	0.00199976683740798	WT-like	WT-like	0.0
W105A	105.0	bystander	-0.474044010014922	0.906920199989765	-7.51432284229087	0.21758828936857	0.0763918633689343	0.00851921080593527	WT-like	WT-like	0.0
C106A	106.0		3.04027883227595	0.0	-4.0	0.0	0.0	0.0			
E107A	107.0	modulator	0.449932624974144	0.719297520966512	-6.5903462073018	0.167453339760376	0.0609275488870986	0.00315180321036493	WT-like	reduced	1.0
F108A	108.0	bystander	0.621695351928534	0.979680299181928	-6.41858348034741	0.0553206739979715	0.0833500996040716	0.00277253985339788	WT-like	WT-like	0.0
W109A	109.0	bystander	0.460693814757511	0.959376170484546	-6.57958501751844	0.342795497113761	0.0814907175970413	0.00346929442793472	WT-like	WT-like	0.0
T110A	110.0	modulator	0.881755389108211	0.987169085212815	-6.15852344316774	0.144023526717028	0.0692844721295353	0.00489514446075515	reduced	WT-like	1.0
S111A	111.0	bystander	0.384920258720747	0.880668258266316	-6.6553585735552	0.472274016584775	0.0746869637590123	0.00119220427622777	WT-like	WT-like	0.0
I112A	112.0	bystander	0.332902176872544	0.918521987480336	-6.7073766554034	0.6266039675237	0.0785109400390196	0.00407689979853312	WT-like	WT-like	0.0
D113A	113.0	modulator	0.350692829359054	0.0	-6.68958600291689	0.310413997083103	0.0	0.0	reduced	reduced	1.0
V114A	114.0	modulator	2.64863517108511	0.988163141562781	-4.39164366119083	0.118315025675399	0.0838721315427166	0.00457439273868175	reduced	WT-like	1.0
L115A	115.0	bystander	0.537214912176471	0.764138057296431	-6.50306392009948	0.0980741996223952	0.0649465469723146	0.000937909724063548	WT-like	WT-like	0.0
C116A	116.0	modulator	-0.0157743573843089	0.640691605899369	-7.05605318966026	0.212603504795355	0.0541900236081749	0.00235421408689617	WT-like	reduced	1.0
V117A	117.0	disconnected driver	0.553611808806841	0.676123610052136	-6.48666702346911	0.100103421659466	0.0571683503615513	0.00570361263290526	WT-like	reduced	1.0
T118A	118.0	modulator	2.49722759525831	0.612738828579884	-4.54305123701763	0.106771666144239	0.0528690000047353	0.00818036851001526	reduced	reduced	1.0
A119G	119.0	disconnected driver	0.339586206039924	0.723337439710092	-6.70069262623602	0.1140852505927	0.061179836979197	0.00235038831418261	WT-like	reduced	1.0
S120A	120.0	connected driver	1.48821087943265	0.844260171358674	-5.55206795284329	0.16712567972869	0.0717216071463726	0.00513318216777892	reduced	WT-like	1.0
I121A	121.0	connected driver	2.11749246225764	0.427455912310466	-4.92278637001831	0.174126899440069	0.036857289898508	0.00126795249383998	reduced	reduced	1.0
E122A	122.0	passenger	0.833779172546217	1.16962107932718	-6.20649965972973	0.0619267767691633	0.0819914388616766	0.00849070838552693	WT-like	WT-like	0.0
T123A	123.0	disconnected driver	0.0247056955308776	0.468454333528174	-7.01557313674507	0.0698918436581971	0.036350693230041	0.00144081065608017	WT-like	reduced	1.0
L124A	124.0	connected driver	-0.071299314869529	0.0	-7.11157814714548	0.11157814714548	0.0	0.0	reduced	reduced	1.0
C125A	125.0	modulator	0.816420422252074	0.0	-6.22385841002387	0.776141589976123	0.0	0.0	reduced	reduced	1.0
V126A	126.0	bystander	0.793039310775727	1.0444935498913	-6.24723952150022	0.113377743836358	0.0805901217146193	0.00298431193790402	WT-like	WT-like	0.0
I127A	127.0	connected driver	1.86624678260899	1.0315972258995	-5.17403204966696	0.207090395136944	0.0801430698443606	0.00784959846127757	reduced	WT-like	1.0
A128G	128.0	bystander	-0.153672889718278	0.850111439863403	-7.19395172199423	0.145636580580477	0.0657716892305163	0.000499521056572427	WT-like	WT-like	0.0
V129A	129.0	passenger	0.811455652045824	1.09999196725042	-6.22882318023012	0.0891890928729319	0.0849323571691533	0.00244587527790054	WT-like	WT-like	0.0
D130A	130.0	connected driver	0.0176859843257264	0.706653174432356	-7.02259284795022	0.198163423713074	0.053143297073829	0.00443735102779599	WT-like	reduced	1.0
R131A	131.0	passenger	0.518876651653507	0.7839212199901751	-6.52140218062244	0.0795214092135888	0.060335524745706	0.00605307317450755	WT-like	WT-like	0.0
Y132A	132.0	modulator	0.775461151939787	0.727498323366826	-6.26481768033616	0.40252316499731	0.0562611604816676	0.00541898256459392	WT-like	reduced	1.0
F133A	133.0	passenger	0.492257421725811	0.94985310481991	-6.54802141055014	0.295759258689893	0.0736497866964786	0.00164213918757871	WT-like	WT-like	0.0
A134G	134.0	passenger	0.85550671269369	0.804291469049146	-6.18477211958226	0.0520867913534238	0.0562343879652323	0.00429238392039552	WT-like	WT-like	0.0
I135A	135.0	disconnected driver	0.363667823223408	0.481464554792832	-6.67661100905254	0.154835376899966	0.037367869940278	0.00321439489412622	WT-like	reduced	1.0
T136A	136.0	passenger	0.0577569401522544	0.963471614937003	-6.98252189212369	0.0058276266821745	0.0741686665614066	0.00451759517628415	WT-like	WT-like	0.0
S137A	137.0	passenger	0.152873415746597	0.82786898761867	-6.88740541652935	0.170091183874532	0.0641733398531423	0.00241087072307785	WT-like	WT-like	0.0
P138A	138.0	disconnected driver	1.14362111014091	0.918806398228318	-5.89665772213503	0.333783017183287	0.071174298592314	0.00309967402167718	reduced	WT-like	1.0
F139A	139.0	modulator	1.52261271189974	0.702595057239762	-5.5176661203762	0.202821497668911	0.0542855055983423	0.00189293814988378	reduced	reduced	1.0
K140A	140.0	bystander	0.219788013115044	0.820584506937029	-6.8204908191609	0.105457201886446	0.0633423608339536	0.00200236129806011	WT-like	WT-like	0.0
Y141A	141.0	disconnected driver	0.898666766951937	0.776811961893376	-6.14161206532401	0.477500908157011	0.0602101179816653	0.00121127992909546	reduced	WT-like	1.0
Q142A	142.0	bystander	0.369284187748501	0.967201281948756	-6.67099464452744	0.191653912583172	0.074726066244024	0.00236095491632378	WT-like	WT-like	0.0
S143A	143.0	bystander	-0.380418847766912	1.04734902021795	-7.42069768004286	0.371873194051121	0.0810376811936013	0.00164307610276074	WT-like	WT-like	0.0
L144A	144.0	passenger	0.11313137602313	0.892610254429909	-6.92714745625282	0.206700639449701	0.068996896118185	0.00134616230597147	WT-like	WT-like	0.0
L145A	145.0	passenger	0.0475950343516574	0.888129357896897	-6.99268379792429	0.385544158439902	0.0690940554085319	0.00456352985510787	WT-like	WT-like	0.0
T146A	146.0	disconnected driver	1.05018784546266	0.804682118089231	-5.99009098681329	0.209758927607655	0.056600861212337	0.00546388676869521	reduced	WT-like	1.0
K147A	147.0	bystander	0.383743828401898	1.01653270233592	-6.65653500387405	0.0432799948365352	0.0696719955112705	0.00408125881218452	WT-like	WT-like	0.0
N148A	148.0	bystander	0.642187533463255	0.750549178160893	-6.39809129881269	0.201688633840906	0.0516759465272845	0.00472041785437233	WT-like	WT-like	0.0
K149A	149.0	bystander	0.150947227421831	0.844002876684225	-6.88933160485412	0.163274953920113	0.0576260977958245	0.00518757864466273	WT-like	WT-like	0.0
A150G	150.0	connected driver	0.287005033979003	0.737504835311874	-6.75327379829694	0.125636571922082	0.050292836877342	0.00554013928942009	WT-like	reduced	1.0
R151A	151.0	bystander	0.0585418711387362	0.949257358868471	-6.98173696113721	0.173456808624122	0.0646663531236252	0.00400940725079095	WT-like	WT-like	0.0
V152A	152.0	bystander	-0.082668493465104	0.94723370844286	-7.12294732574105	0.145597246508952	0.0638048026893627	0.00705088090955152	WT-like	WT-like	0.0
I153A	153.0	passenger	0.435103000367286	0.927730504277636	-6.60517583190866	0.203697233625658	0.063301419448221	0.00218450281071748	WT-like	WT-like	0.0
I154A	154.0	bystander	0.437595624679203	0.975677990807509	-6.60268320759674	0.224651816662777	0.0666209097403497	0.00396712003480353	WT-like	WT-like	0.0
L155A	155.0	bystander	-0.285945211365976	0.972347794710229	-7.32622404364192	0.130965222035704	0.0660628525772415	0.00418529780259447	WT-like	WT-like	0.0
M156A	156.0	bystander	0.0162771489906536	1.00664934548361	-7.02400168328529	0.212099691783506	0.0689262644862217	0.00334674028531793	WT-like	WT-like	0.0
V157A	157.0	bystander	0.743041941187443	0.974955547411108	-6.2972368910885	0.210881095293238	0.0664857142606435	0.00431331963679605	WT-like	WT-like	0.0
W158A	158.0	modulator	1.90416597350925	0.229288843521185	-5.13611285876669	0.591568577964064	0.0165011249725484	0.00218417832095849	reduced	reduced	1.0
I159A	159.0	bystander	0.439892301837833	0.849072893401996	-6.60038653043811	0.183926187473297	0.0581302074157385	0.00298855821947345	WT-like	WT-like	0.0
V160A	160.0	bystander	0.725674140630038	0.758829733493281	-6.31460469164591	0.138247215647241	0.0516996441565039	0.00296214971991875	WT-like	WT-like	0.0
S161A	161.0	modulator	0.107616109826378	0.707577404397359	-6.93266272244957	0.0667356793645627	0.0486763844479017	0.00320772695222128	WT-like	reduced	1.0
G162A	162.0	bystander	-0.0127530334963887	0.823164507196225	-7.05303186577234	0.185724901982151	0.0562355707562452	0.000527912505836973	WT-like	WT-like	0.0
L163A	163.0	bystander	0.0887730832244635	0.867249204165783	-6.95150574905148	0.249620136320691	0.0588882806449169	0.0038465808097971	WT-like	WT-like	0.0
T164A	164.0	passenger	0.491623131153078	0.890528863993854	-6.54865570112287	0.194326340745864	0.0609564052204065	0.00133960238731524	WT-like	WT-like	0.0
S165A	165.0	bystander	0.812210518067878	0.984055791969149	-6.22806831420807	0.185605903504502	0.0671399016357147	0.00294465585446275	WT-like	WT-like	0.0
F166A	166.0	modulator	1.04902447371901	0.981946627028844	-5.99125435855693	0.178800253758137	0.0669709715863097	0.00450958569396559	reduced	WT-like	1.0
L167A	167.0	bystander	0.681236975367326	1.00136474246473	-6.35904185690862	0.0830693967836217	0.0683322507844567	0.00191462980955562	WT-like	WT-like	0.0
P168A	168.0		1.85872683723294	0.429360600733247	-5.18155199504301	0.106585033530448	0.029388533469321	0.00256565625936602			
I169A	169.0	modulator	1.72045950814606	0.699647687044319	-5.31981932412989	0.222900168242859	0.0476521720882657	0.00236842638925674	reduced	reduced	1.0
Q170A	170.0	bystander	0.697274794429784	0.956149750649465	-6.34300403784616	0.0822187663519298	0.067811909172774	0.00785632996058838	WT-like	WT-like	0.0
M171A	171.0	bystander	-0.135867767743596	1.17434813867386	-7.17614660001954	0.22445617025659	0.0797888482142847	0.00489783560028144	WT-like	WT-like	0.0
H172A	172.0	bystander	0.512608788795471	0.974133656645459	-6.52767004348048	0.199362977683196	0.0663726271014927	0.00185502551935138	WT-like	WT-like	0.0
W173A	173.0	modulator	1.21499152314361	1.00788626400685	-5.82528730913233	0.10020364249187	0.0686864911426875	0.0031934379735068	reduced	WT-like	1.0
Y174A	174.0	bystander	0.188440397975653	0.872789542518888	-6.85183843430029	0.132070666798173	0.0593115588831814	0.00322431193802849	WT-like	WT-like	0.0
R175A	175.0	bystander	0.212817899763463	0.846618711468081	-6.82746093251248	0.242130722188989	0.0582726420268165	0.00409013690844375	WT-like	WT-like	0.0
A176G	176.0	bystander	0.184799885366583	0.988483257613707	-6.85547894690936	0.200725163308733	0.067680684515031	0.00152803516516055	WT-like	WT-like	0.0
T177A	177.0	bystander	0.239027288313226	1.10278930032085	-6.80125154396272	0.159995949938062	0.075621051418042	0.00356374900004723	WT-like	WT-like	0.0
H178A	178.0	bystander	0.382667093484433	1.10006799709034	-6.65761173879151	0.188247681215739	0.0747389582999647	0.00431020390898667	WT-like	WT-like	0.0
Q179A	179.0	bystander	-0.0963487853569111	1.09048058936607	-7.13662761763286	0.209742928603666	0.0743831684679597	0.00607459906516671	WT-like	WT-like	0.0
E180A	180.0	bystander	0.377726114396858	1.05085725992924	-6.66255271787909	0.127765298036246	0.0720026468638607	0.00405617757928798	WT-like	WT-like	0.0
A181G	181.0	bystander	0.554728915509865	0.818265182609999	-6.48554991676608	0.262308069222029	0.0563375861508024	0.00590912779101969	WT-like	WT-like	0.0
I182A	182.0	bystander	0.149805446301754	0.850060363727887	-6.89047338597419	0.0988089202830472	0.059983306755464	0.00572313494644833	WT-like	WT-like	0.0
N183A	183.0	bystander	-0.266850785030076	1.14562638675717	-7.30712961730602	0.246101474480512	0.0780594508872444	0.00251265514869673	WT-like	WT-like	0.0
C184A	184.0	modulator	2.03312634614657	0.817590049317436	-5.00715248612937	0.267626026251297	0.0559824614923045	0.00254550855656149	reduced	WT-like	1.0
Y185A	185.0	modulator	0.886125897113065	0.804059355464198	-6.15415293516288	0.222155754025103	0.054606685876586	0.00385458094094084	reduced	WT-like	1.0
A186G	186.0	bystander	0.0237517865662886	1.15116107977463	-7.01652704570966	0.126752864664755	0.078042618504952	0.00548414418832339	WT-like	WT-like	0.0
N187A	187.0	bystander	0.21408690952492	1.02549488410754	-6.82619192275103	0.0857453838799345	0.070478070145213	0.0044174974215284	WT-like	WT-like	0.0
E188A	188.0	bystander	0.156796614168988	0.955873729418939	-6.88348221810696	0.121998525913752	0.065429110478984	0.00462588710435186	WT-like	WT-like	0.0
T189A	189.0	bystander	-0.116598417898538	1.06994575520032	-7.15687725017449	0.257860470072433	0.0723303726404732	0.00762611237317381	WT-like	WT-like	0.0
C190A	190.0		2.23880428033067	0.40171634246115	-4.80147455194527	0.366255016783732	0.0285552768551409	0.00573352761401381			
C191A	191.0		-0.340583755767178	0.0	-7.38086258804312	0.380862588043129	0.0	0.0			
D192A	192.0	bystander	0.763585031615106	1.14445195856038	-6.27669380066084	0.278320445577243	0.0777184329048775	0.00415683694516507	WT-like	WT-like	0.0
F193A	193.0	modulator	2.01504269670103	0.997418713869063	-5.02523613557491	0.266056120223664	0.0671429961169102	0.00933521172577923	reduced	WT-like	1.0
F194A	194.0	bystander	0.819014904297574	1.08122878876755	-6.22126392797837	0.124204854216956	0.075562959072192	0.00803378635127929	WT-like	WT-like	0.0
T195A	195.0	bystander	-0.588270007302814	1.0158049520962	-7.62854883957876	0.0974141778822748	0.0762043017981785	0.000612569393725476	WT-like	WT-like	0.0
N196A	196.0	modulator	0.940521619520137	0.949232855920627	-6.09975721275581	0.308216323319682	0.070082757231892	0.0047441908689044	reduced	WT-like	1.0
Q197A	197.0	bystander	0.164692876181964	1.0880491020424	-6.87558595609398	0.181553679692251	0.079935214209337	0.00286982541277582	WT-like	WT-like	0.0
A198G	198.0	bystander	-0.0591634237636788	1.06308243339759	-7.09944225603963	0.109576844211583	0.07863347939816	0.00546217551978938	WT-like	WT-like	0.0
Y199A	199.0	disconnected driver	2.42547956106357	0.617047271649501	-4.61479927121238	0.165458981538243	0.0452766360254473	0.000420718922811912	reduced	reduced	1.0
A200G	200.0	passenger	0.0604694740875343	0.968769659724911	-6.97980935818841	0.134984858172107	0.0713865952206733	0.00371738304413551	WT-like	WT-like	0.0
I201A	201.0	passenger	0.629752852644797	0.844925141759251	-6.41052597963115	0.101209686984743	0.0627192051214853	0.00638313029767333	WT-like	WT-like	0.0
A202G	202.0	bystander	0.0901913483284081	1.01066310766781	-6.95008748394754	0.11888010920243	0.074648181850328	0.00470328795358512	WT-like	WT-like	0.0
S203A	203.0	modulator	1.88702076738329	1.13115055020057	-5.15325806489265	0.248409128885194	0.0824205490934883	0.00504741266124927	reduced	WT-like	1.0
S204A	204.0	connected driver	1.83292745629753	1.11331137495598	-5.20735137597841	0.260799942931757	0.0823064139842216	0.0053595880807911	reduced	WT-like	1.0
I205A	205.0	bystander	-0.179638430606845	1.04871800734979	-7.21991726288279	0.284523018511138	0.077495811700628	0.0051647973527756	WT-like	WT-like	0.0
V206A	206.0	passenger	0.428377179321407	1.05535927235641	-6.61190165295454	0.188459680959599	0.0738396031713546	0.00911357384373416	WT-like	WT-like	0.0
S207A	207.0	connected driver	1.69150887205536	0.938261421531546	-5.34876996022058	0.26816754834292	0.0691649138276667	0.0083819148520787	reduced	WT-like	1.0
F208A	208.0	connected driver	2.02524813447307	0.606141880897856	-5.01503069780287	0.213166632836436	0.0449770803540359	0.00424417374854575	reduced	reduced	1.0
Y209A	209.0	modulator	1.39250544088658	0.929113632139673	-5.64777339138936	0.130989102392426	0.0684488390821296	0.00310016463877042	reduced	WT-like	1.0
V210A	210.0	bystander	-0.310998879464588	1.09086964275208	-7.35127771174054	0.114833523111063	0.0799085738385663	0.00454245191395406	WT-like	WT-like	0.0
P211A	211.0		2.14549517865929	0.376212230582773	-4.89478365361665	0.402602210851368	0.0277014782694153	0.00147814537167808			
L212A	212.0	passenger	0.40113960547659	0.834960534765371	-6.63913922679936	0.327759057183139	0.0616850834975169	0.00376622624334933	WT-like	WT-like	0.0
V213A	213.0	bystander	0.174843857105747	0.868257122212832	-6.8654349751702	0.392795884388973	0.0643747946129603	0.0056616366460041	WT-like	WT-like	0.0
I214A	214.0	disconnected driver	1.0917526183884	0.985231587735351	-5.94852621388755	0.123595155253345	0.0723404023857276	0.00100264100920686	reduced	WT-like	1.0
M215A	215.0	connected driver	1.71676271496454	1.06481475371011	-5.3235161173114	0.0437839756573912	0.0782157447009676	0.00453708037405139	reduced	WT-like	1.0
V216A	216.0	passenger	-0.034214527739012	0.998211074681931	-7.07449336001496	0.0759110863056913	0.073530698206127	0.00555271095897603	WT-like	WT-like	0.0
F217A	217.0	bystander	0.810318295767421	1.05571646195719	-6.22996053650853	0.073819600156816	0.0771950158082076	0.00176770222410106	WT-like	WT-like	0.0
V218A	218.0	bystander	0.10788743734329	0.770168073949758	-6.93239139493266	0.222513426363669	0.053666638508594	0.0047321962952844	WT-like	WT-like	0.0
Y219A	219.0	disconnected driver	1.9828316443237	0.926833262426926	-5.05744718795225	0.123838079579937	0.0748469855479	0.00227873909119651	reduced	WT-like	1.0
S220A	220.0	bystander	0.183682227815247	0.956359980325523	-6.8565966044607	0.272480622435172	0.0778998887396746	0.00861289237125198	WT-like	WT-like	0.0
R221A	221.0	disconnected driver	1.06161664510386	1.00284110829781	-5.97866218717208	0.0825037455323205	0.0812775519727766	0.00471831340793201	reduced	WT-like	1.0
V222A	222.0	modulator	1.09763201100442	1.12832188503163	-5.94264682127152	0.143887314959317	0.0909773331276783	0.00538242914950164	reduced	WT-like	1.0
F223A	223.0	passenger	0.788650853101541	0.981885936173703	-6.25162797917441	0.221121731874725	0.0804113617585786	0.0139756605281083	WT-like	WT-like	0.0
Q224A	224.0	bystander	0.00620256888076416	0.99929689717186	-7.03407626339518	0.218585217938139	0.0808725041168546	0.0031220319385028	WT-like	WT-like	0.0
E225A	225.0	bystander	0.442227165116261	0.903175405903607	-6.59805166715969	0.188399521093514	0.0733839539039983	0.00388737828626931	WT-like	WT-like	0.0
A226G	226.0	modulator	1.0584280028905	0.733722814541889	-5.98185082938544	0.214627466456123	0.0595824870455273	0.00486600109867785	reduced	reduced	1.0
K227A	227.0	bystander	0.0372314427930643	0.981679030244341	-7.00304738948288	0.0727100572445741	0.0799024817930176	0.00620868620320939	WT-like	WT-like	0.0
R228A	228.0	bystander	0.248107374444007	0.903467191851742	-6.79217145783194	0.26108420301332	0.0735166990124666	0.00636285695526534	WT-like	WT-like	0.0
Q229A	229.0	bystander	0.0817886935611745	0.962645392158468	-6.95849013871477	0.319259484171368	0.0778405211520083	0.0037146843072182	WT-like	WT-like	0.0
L230A	230.0	passenger	-0.261579864396718	1.04517770204425	-7.30185869667267	0.265003304702697	0.0727526780728733	0.00700452022402221	WT-like	WT-like	0.0
Q231A	231.0	bystander	0.349900416305451	0.968215459071438	-6.6903784159705	0.164458557447567	0.0781766870441106	0.00201536615985778	WT-like	WT-like	0.0
K232A	232.0	bystander	0.510100407772981	0.787376625901629	-6.53017842450297	0.161441888251716	0.0639177002786756	0.00419115821096235	WT-like	WT-like	0.0
I233A	233.0	modulator	0.873968689376457	1.02913593988627	-6.16631014289949	0.154825739754941	0.0831500199418693	0.00247548447978986	reduced	WT-like	1.0
D234A	234.0	bystander	0.265849964290611	0.862172230409486	-6.77442886798534	0.399773726964285	0.0699228027961493	0.0063854307921671	WT-like	WT-like	0.0
K235A	235.0	bystander	0.137174089107644	0.984891957581001	-6.9031047431683	0.14476869295065	0.079373764170304	0.00468067699215474	WT-like	WT-like	0.0
S236A	236.0	bystander	0.000809522422761036	0.764417447100437	-7.03946930985319	0.227933162443464	0.061679660810917	0.00715942698988513	WT-like	WT-like	0.0
E237A	237.0	bystander	0.320600211149351	0.884081977908793	-6.7196786211266	0.0929144298701179	0.0716149992414533	0.00145739757120329	WT-like	WT-like	0.0
G238A	238.0	bystander	0.172072142202271	0.940911547101586	-6.86820669007368	0.163283854568819	0.076288640708364	0.00558018240792453	WT-like	WT-like	0.0
R239A	239.0	bystander	0.428936799286404	0.987524967181243	-6.61134203298954	0.0673735314047683	0.080140457967221	0.00611418608474793	WT-like	WT-like	0.0
F240A	240.0	bystander	0.0920942432138674	0.932967865108233	-6.94818458906208	0.0435092229597541	0.0758548391544113	0.0048898271262105	WT-like	WT-like	0.0
H241A	241.0	bystander	0.198872551589524	0.957393131296271	-6.84140628068642	0.492198523013179	0.0774344325360903	0.00310571810705022	WT-like	WT-like	0.0
V242A	242.0	bystander	0.689570218644308	1.18175750294954	-6.35070861363164	0.13437261180088	0.082971325252134	0.0115938366463332	WT-like	WT-like	0.0
Q243A	243.0	bystander	0.338620197765881	0.951309949133618	-6.70165863451007	0.179362931809251	0.0757154885486423	0.00389567561097924	WT-like	WT-like	0.0
N244A	244.0	bystander	0.444202754089707	0.969639430521365	-6.59607607818624	0.0772122659600878	0.0773922780008073	0.00546654564328452	WT-like	WT-like	0.0
L245A	245.0	bystander	0.129244384467027	0.938234202000151	-6.91103444780892	0.0893035712166736	0.0747555078465603	0.00129078917320774	WT-like	WT-like	0.0
S246A	246.0	bystander	0.657897561933774	0.92140157969156	-6.38238127034217	0.227238002430129	0.0734834837205436	0.00310435835277808	WT-like	WT-like	0.0
Q247A	247.0	bystander	0.237870501942714	0.986583989005386	-6.80240833033323	0.418939431378142	0.0785831077556429	0.00230270570897306	WT-like	WT-like	0.0
V248A	248.0	bystander	0.0809671773629314	0.945820973372706	-6.95931165491301	0.261117857730472	0.075354120691963	0.00705135433545954	WT-like	WT-like	0.0
E249A	249.0	bystander	0.186820190852301	0.973685542942094	-6.85345864142365	0.860533036446899	0.078505455376736	0.00727216002945799	WT-like	WT-like	0.0
Q250A	250.0	bystander	0.258210426613855	1.00669236539595	-6.78206840566209	0.711198004059764	0.0811356593635979	0.0126505025188789	WT-like	WT-like	0.0
D251A	251.0	bystander	0.117410434837124	0.87442323588017	-6.92286839743882	0.352998334272672	0.0696383248780826	0.00175860832109576	WT-like	WT-like	0.0
G252A	252.0	bystander	0.0718628133519875	1.02257975887184	-6.96841601892396	0.261274274817374	0.081411367514939	0.0032026447849347	WT-like	WT-like	0.0
R253A	253.0	bystander	0.536467904353631	0.984426928591499	-6.50381092792232	0.29411958511282	0.078467419029706	0.00183999127892098	WT-like	WT-like	0.0
T254A	254.0	bystander	-0.106211872509478	1.05039363880961	-7.14649070478543	0.149612394444873	0.0733649871032416	0.00846357451519475	WT-like	WT-like	0.0
G255A	255.0	bystander	0.0714916301499641	0.88014750056547	-6.96878720212598	0.0403514812670553	0.0700991953657326	0.0028155043006769	WT-like	WT-like	0.0
H256A	256.0	bystander	0.336752529319821	0.869223817959376	-6.70352630295613	0.0815408087803917	0.0693212274067009	0.00383095225596943	WT-like	WT-like	0.0
G257A	257.0	bystander	0.0547291615450179	0.860323825806045	-6.98554967073093	0.18834747956355	0.0684596060483999	0.0032880132758355	WT-like	WT-like	0.0
L258A	258.0	bystander	-0.225299964313518	0.904974060700703	-7.26557879658947	0.223529677853541	0.0721854207137813	0.00340492371899854	WT-like	WT-like	0.0
R259A	259.0	bystander	0.0398833204579943	0.856085627557034	-7.00039551181795	0.0620469303345966	0.068246094455437	0.00268260275535	WT-like	WT-like	0.0
R260A	260.0	bystander	-0.112753268829445	0.840003034172536	-7.15303210110539	0.132379943513481	0.0668465782810816	0.00301124184606732	WT-like	WT-like	0.0
S261A	261.0	bystander	0.428867228744067	0.877333164486629	-6.61141160353188	0.222862632721439	0.069905964528001	0.00493989287913605	WT-like	WT-like	0.0
S262A	262.0	bystander	0.129654523280601	0.785856321047236	-6.91062430899535	0.160733739195346	0.0626175166766499	0.00453587382062943	WT-like	WT-like	0.0
K263A	263.0	bystander	0.418109798212597	0.966269435990471	-6.62216903406335	0.0618124375100677	0.0768983253571049	0.00394512742280506	WT-like	WT-like	0.0
F264A	264.0	bystander	0.00658857042141776	0.976480558179618	-7.03369026185453	0.170399108326596	0.0778819716982293	0.00337411282914895	WT-like	WT-like	0.0
C265A	265.0	bystander	0.0447987171233542	0.864831758867847	-6.99548011515259	0.143401373885323	0.068901924663274	0.0013947459452559	WT-like	WT-like	0.0
L266A	266.0	bystander	0.0206369535834379	1.17315735391712	-7.01964187869251	0.120207360082545	0.082044062453476	0.0114022167038076	WT-like	WT-like	0.0
K267A	267.0	bystander	0.24517153609333	1.07497961521828	-6.79510729618262	0.191245262027126	0.0829580200363223	0.00131293393430975	WT-like	WT-like	0.0
E268A	268.0	disconnected driver	0.142410682411021	0.631326218068723	-6.89786814986493	0.98776930455911	0.0484102757808445	0.00431109420275849	WT-like	reduced	1.0
H269A	269.0	bystander	0.324200351724994	0.906405361993544	-6.71607848055095	0.497804012746956	0.06967616962353	0.00657605057220356	WT-like	WT-like	0.0
K270A	270.0	bystander	0.639091509950237	1.00479544446039	-6.40118732232571	0.0577229463416726	0.077396035026338	0.0048394304576835	WT-like	WT-like	0.0
A271G	271.0	bystander	0.813109231103804	0.970352577815145	-6.22716960117214	0.218258910950318	0.0748224623054766	0.00329506666941509	WT-like	WT-like	0.0
L272A	272.0	bystander	-0.686773109847968	0.915645576700366	-7.72705194212392	0.361529746924278	0.070162463115924	0.0162019713614576	WT-like	WT-like	0.0
K273A	273.0	modulator	0.893022580387404	1.05249783638844	-6.14725625188854	0.515447831122034	0.0810447963737316	0.00923544143744295	reduced	WT-like	1.0
T274A	274.0	bystander	0.0313501262080864	0.811205178562074	-7.00892870606786	0.283182787720964	0.0620324790268494	0.00941391026834048	WT-like	WT-like	0.0
L275A	275.0	disconnected driver	0.93200324749936	0.600990568074919	-6.10827558477659	0.0212049090939898	0.046062275449714	0.00459920206941297	reduced	reduced	1.0
G276A	276.0	bystander	0.633041912662251	0.86960879402781	-6.4072369196137	0.59707917480783	0.06693020681632	0.000309978604993987	WT-like	WT-like	0.0
I277A	277.0	bystander	0.0590834589599258	0.87389979910796	-6.98119537331602	0.211705725711655	0.0671352404603929	0.00314943357928998	WT-like	WT-like	0.0
I278A	278.0	passenger	0.689143919226774	0.850365805199566	-6.35113491304917	0.110715146377119	0.0598455694332809	0.0103316799563693	WT-like	WT-like	0.0
M279A	279.0	disconnected driver	1.62032351438913	0.987618258137418	-5.41995531788681	0.166113700662015	0.0759915775112695	0.000835465973039517	reduced	WT-like	1.0
G280A	280.0	modulator	1.12327207310242	1.05524691911221	-5.91700675917352	0.180365941021446	0.0815380782972923	0.00641096378788238	reduced	WT-like	1.0
T281A	281.0	bystander	0.597603082809627	0.929757009640005	-6.44267574946632	0.147607114264969	0.0717955597738903	0.00583922184506061	WT-like	WT-like	0.0
F282A	282.0	connected driver	1.40778473036318	0.252053612159404	-5.63249410191276	0.289845261658672	0.0193081716172133	0.00326756987176887	reduced	reduced	1.0
T283A	283.0	bystander	0.230249091452161	1.01190423041911	-6.81002974082379	0.134038762803737	0.0779805450389716	0.00386468647448689	WT-like	WT-like	0.0
L284A	284.0	passenger	0.297736009408874	0.883436461694145	-6.74254282286707	0.476727551991181	0.0680015655541716	0.0079311108574758	WT-like	WT-like	0.0
C285A	285.0	connected driver	1.47505088758624	0.673570610718921	-5.5652279446897	0.543875730747003	0.05192595542994	0.0126103790223765	reduced	reduced	1.0
W286A	286.0		0.040278832275951	0.0	-7.0	0.0	0.0	0.0			
L287A	287.0	modulator	0.0992558279116062	0.657704294929475	-6.94102300436434	0.0300159288195249	0.050507130537587	0.002810224457641	WT-like	reduced	1.0
P288A	288.0		1.3490326975819	0.23548517511586	-5.69124613469404	1.34736434120475	0.0180004834368399	0.00289043679006104			
F289A	289.0	modulator	2.54374141940134	0.440638211156844	-4.4965374128746	0.529422299174415	0.033038133026899	0.020008578505601	reduced	reduced	1.0
F290A	290.0	connected driver	1.18258921789254	0.917236694613938	-5.8576896143834	0.140222682468155	0.0640618448776256	0.00689904922776669	reduced	WT-like	1.0
I291A	291.0		0.575686457603528	0.699410451588964	-6.46459237467242	0.142567524168126	0.0503056651753826	0.00465704631966758			
V292A	292.0	bystander	0.179448578675391	1.08286424322649	-6.86083025360056	0.157845639723371	0.0779584753662839	0.00230262092990787	WT-like	WT-like	0.0
N293A	293.0	connected driver	0.999022821313404	0.963856649368844	-6.04125601096254	0.021805409737262	0.0690029646049519	0.0036758399724338	reduced	WT-like	1.0
I294A	294.0	passenger	0.845929994458347	1.08722860397002	-6.1943488378176	0.12892056890507	0.0784258443036933	0.0016998972388647	WT-like	WT-like	0.0
V295A	295.0	passenger	-0.528890840003672	0.95220839177932	-7.56916967227962	0.0740185254265929	0.0685069750402696	0.00273736721104638	WT-like	WT-like	0.0
H296A	296.0	bystander	-0.128289706780638	0.916870966149044	-7.16856853905659	0.138266499486464	0.0664610874112173	0.00381193725967537	WT-like	WT-like	0.0
V297A	297.0	bystander	-0.320004522262375	1.03020731832288	-7.36028335453832	0.0544411172244944	0.0745620740483663	0.0036751235911216	WT-like	WT-like	0.0
I298A	298.0	bystander	-0.245897284754285	0.928193372507095	-7.28617611703023	0.13698224035005	0.0669334012878177	0.00374905514686897	WT-like	WT-like	0.0
Q299A	299.0	bystander	-0.355489180243919	1.02476630249861	-7.39576801251987	0.03953651961716	0.074187877224002	0.00335778144587402	WT-like	WT-like	0.0
D300A	300.0	bystander	-0.292138541750402	0.993428349033966	-7.33241737402635	0.180353298091801	0.072245645528426	0.00656105104938074	WT-like	WT-like	0.0
N301A	301.0	bystander	0.0993876095459542	0.993980618906052	-6.94089122272999	0.0572798399990924	0.0718855496821873	0.00299341659234814	WT-like	WT-like	0.0
L302A	302.0	bystander	0.0153115293443377	0.913275026714158	-7.02496730293161	0.163399035823819	0.06348730206854	0.00442233427378029	WT-like	WT-like	0.0
I303A	303.0	passenger	0.550422445738694	0.892400788928368	-6.48985638653725	0.112301626925655	0.0637032599479403	0.00323905033359541	WT-like	WT-like	0.0
R304A	304.0	bystander	-0.0914993825675389	0.744306368380707	-7.13177821484349	0.107541581809393	0.053019295208461	0.00408625730666352	WT-like	WT-like	0.0
K305A	305.0	bystander	0.614714951526287	0.819856537505468	-6.42556388074966	0.105392357094061	0.0586847370618043	0.00267683296606831	WT-like	WT-like	0.0
E306A	306.0		0.974454683368481	0.508586362436572	-6.06582414890747	0.10376247083737	0.0363509457198186	0.0017677949603246			
V307A	307.0	bystander	0.362567652814314	0.84600132647424	-6.67771117946163	0.0749962612188226	0.0607805535634386	0.00277951924243175	WT-like	WT-like	0.0
Y308A	308.0	modulator	1.09507700178982	1.02577751501458	-5.94520183048612	0.00801410803333471	0.07363402492646	0.0021971821120691	reduced	WT-like	1.0
I309A	309.0	modulator	0.237988287103907	0.732570253953555	-6.80229054517204	0.288215977692297	0.0530146288043583	0.00220589678320346	WT-like	reduced	1.0
L310A	310.0	bystander	-0.351344274824932	0.782447695724322	-7.39162310710088	0.324843967395904	0.0555415502251177	0.00570277512587552	WT-like	WT-like	0.0
L311A	311.0	bystander	0.337837994805947	0.94057248446147	-6.70244083747	0.100123603775389	0.067446542741148	0.00417086183173494	WT-like	WT-like	0.0
N312A	312.0	modulator	2.84236483842856	0.543539794103763	-4.19791399384739	0.0898342863197196	0.036597068798836	0.00498773331405699	reduced	reduced	1.0
W313A	313.0	disconnected driver	0.897167656680381	0.467878689854147	-6.14311117559557	0.205149457364059	0.0335642693935553	0.00198191905177028	reduced	reduced	1.0
I314A	314.0	passenger	0.427741696769441	0.843111047874399	-6.61253713550651	0.15410221211721	0.0583170025126853	0.00207518332720764	WT-like	WT-like	0.0
G315A	315.0	connected driver	0.710932174374481	0.725560037760121	-6.32934665790147	0.202489449669779	0.0550741755741536	0.00286252339709843	WT-like	reduced	1.0
Y316A	316.0		1.43720907271458	0.491737512847447	-5.60306975956137	0.190106062082297	0.0380867466924516	0.00458100477586385			
V317A	317.0	bystander	-0.389246846096109	1.04284745592389	-7.42952567837206	0.0984385541599436	0.080161798116577	0.00715135570351149	WT-like	WT-like	0.0
N318A	318.0	connected driver	0.907207025038004	0.88113836159779	-6.13307180723794	0.227198133500683	0.0669750156883466	0.00238497188287142	reduced	WT-like	1.0
S319A	319.0	bystander	0.779828267546934	1.06728425004103	-6.26045056472901	0.112510784190904	0.0812472891920796	0.00423353146563646	WT-like	WT-like	0.0
G320A	320.0	bystander	-0.459880264070492	1.02240871378669	-7.50015909634644	0.0813992854597012	0.0771758058964383	0.00303566710923356	WT-like	WT-like	0.0
F321A	321.0	bystander	0.147299453642454	1.07344263029528	-6.89297937863349	0.112624014014948	0.0815958520815719	0.00333320331676795	WT-like	WT-like	0.0
N322A	322.0	connected driver	1.33559153272228	0.640610353198994	-5.70468729955367	0.314205033321951	0.0477529203923003	0.00402684910289085	reduced	reduced	1.0
P323A	323.0	modulator	1.20038510758113	0.827965990252435	-5.83989372469481	0.106315760611634	0.0633490807842813	0.00418984031512361	reduced	WT-like	1.0
L324A	324.0	bystander	0.244770237486714	1.0470709736153	-6.79550859478923	0.140173786273707	0.0797737949692847	0.00383320628309989	WT-like	WT-like	0.0
I325A	325.0	modulator	1.22078913346072	0.821632675173764	-5.81948969881522	0.162771064170891	0.0625322127422526	0.00321367654108021	reduced	WT-like	1.0
Y326A	326.0	connected driver	0.703964142381588	0.53485466058135	-6.33631468989436	0.21673015782265	0.0375400654625739	0.00507498133458145	WT-like	reduced	1.0
C327A	327.0	passenger	-0.425100231120098	0.896339873598795	-7.46537906339605	0.188470753691657	0.0667312488120103	0.00409257414457037	WT-like	WT-like	0.0
R328A	328.0	bystander	0.638193313049571	1.23186575023051	-6.40208551922638	0.0400747341418197	0.093331801966961	0.00198777861504183	WT-like	WT-like	0.0
S329A	329.0	bystander	0.322663110436561	0.968867602106956	-6.71761572183939	0.0312855921598388	0.0735313655509503	0.00218390360248226	WT-like	WT-like	0.0
P330A	330.0	bystander	0.011732746230721	0.989392359012506	-7.02854608604523	0.0522853152711035	0.0750041089223606	0.00176940853292528	WT-like	WT-like	0.0
D331A	331.0	bystander	0.0884565148889511	0.811524245495544	-6.951822317387	0.206738605545018	0.0598287316608113	0.00780326919922308	WT-like	WT-like	0.0
F332A	332.0	connected driver	1.22608079917653	0.517713623620492	-5.81419803309942	0.121735092290535	0.0392370142289163	0.00174224486143793	reduced	reduced	1.0
R333A	333.0	bystander	0.109125828270977	0.883956529817909	-6.93115300400497	0.185372751706219	0.066803537986991	0.00125387934716296	WT-like	WT-like	0.0
I334A	334.0	bystander	-0.146386984652482	0.941864203869768	-7.18666581692843	0.211197639674698	0.070947918191815	0.00427022263347371	WT-like	WT-like	0.0
A335G	335.0	bystander	0.385982848867454	0.926860970728719	-6.65429598340849	0.19331690938905	0.0697999027781723	0.00334913287218551	WT-like	WT-like	0.0
F336A	336.0	passenger	0.320134056336341	1.02672507011597	-6.72014477593961	0.103521151387289	0.077484938412005	0.00118776627256131	WT-like	WT-like	0.0
Q337A	337.0	bystander	0.133652141704544	1.04737104833661	-6.9066266905714	0.225718856662732	0.0791970283743383	0.00562832614061721	WT-like	WT-like	0.0
E338A	338.0	bystander	0.537526093444734	0.894228504694002	-6.50275273883121	0.148691093375831	0.06247443647022	0.00682866608932614	WT-like	WT-like	0.0
L339A	339.0	bystander	0.403853507169177	0.872948696517244	-6.63642532510677	0.0638707016454074	0.0767696790396246	0.00365827011762702	WT-like	WT-like	0.0
L340A	340.0	bystander	0.329019742500017	0.752637630631381	-6.71125908977593	0.111104399873375	0.0661115232340366	0.00281370804476456	WT-like	WT-like	0.0
C341A	341.0	bystander	0.185355474493827	0.90648298804743	-6.85492335778212	0.266523013643003	0.0792237697560013	0.00673475731446654	WT-like	WT-like	0.0
L342A	342.0	bystander	0.085618773858408	0.966438268080859	-6.95466005841754	0.157334811303072	0.0853516036349493	0.00668087185230021	WT-like	WT-like	0.0
R343A	343.0	bystander	0.0558516596705545	0.914772410706192	-6.98442717260539	0.194704450534904	0.0810261090653493	0.00878279760688354	WT-like	WT-like	0.0
R344A	344.0	bystander	0.0515095906407712	1.03446360968618	-6.98876924163518	0.269236781205811	0.0918968432753873	0.0115270612485787	WT-like	WT-like	0.0
S345A	345.0	bystander	-0.0232425345486421	0.949237484581362	-7.06352136682459	0.122277797614426	0.0840088821281206	0.00794967747254789	WT-like	WT-like	0.0
S346A	346.0	bystander	-0.164698135846912	0.946604934966314	-7.20497696812286	0.117835812069896	0.0835173017209556	0.00835333209258297	WT-like	WT-like	0.0
L347A	347.0	bystander	-0.473226218156088	1.01497871811226	-7.51350505043204	0.0440596252397502	0.0893962208934696	0.00519732544689735	WT-like	WT-like	0.0
K348A	348.0	bystander	-0.349047889103652	1.0842385836073	-7.3893267213796	0.105280020982208	0.0960371221897673	0.00975860492441572	WT-like	WT-like	0.0
A349G	349.0	bystander	0.107165440760574	1.0167003277472	-6.93311339151537	0.201693735995223	0.0894343347585863	0.00742412165472016	WT-like	WT-like	0.0
Y350A	350.0	bystander	-0.0726377122218622	0.994089843913198	-7.11291654449781	0.0443847665682021	0.0692998188764816	0.00639102004876277	WT-like	WT-like	0.0
G351A	351.0	bystander	-0.0642286694396121	0.88617485340738	-7.10450750171556	0.144798748902302	0.078011594835851	0.00680903108467608	WT-like	WT-like	0.0
N352A	352.0	bystander	-0.0374617071937191	0.810950532927461	-7.07774053946967	0.163285469553421	0.0711497940823226	0.00476589589436526	WT-like	WT-like	0.0
G353A	353.0	bystander	0.0119843362484145	0.840165895409134	-7.02829449602753	0.247552493079487	0.0735344634029836	0.00187877531774322	WT-like	WT-like	0.0
Y354A	354.0	bystander	0.179897526170944	0.832654504204316	-6.860381306105	0.0489566258028878	0.0730472318402066	0.00184567670400666	WT-like	WT-like	0.0
S355A	355.0	bystander	-0.0973946606996187	0.887282863518823	-7.13767349297557	0.156713980835995	0.077725228549346	0.00429533646963678	WT-like	WT-like	0.0
S356A	356.0	bystander	-0.0779968378565921	0.856085492264226	-7.11827567013254	0.224918337103694	0.0748024002577979	0.00328549050206873	WT-like	WT-like	0.0
N357A	357.0	bystander	0.0342674854847076	0.847029485635917	-7.00601134679124	0.12146148414941	0.074234340059766	0.00487546902372531	WT-like	WT-like	0.0
G358A	358.0	bystander	-0.00584884377544536	0.851476979138663	-7.04612767605139	0.022438870525551	0.0747044223494303	0.00331783188864716	WT-like	WT-like	0.0
N359A	359.0	bystander	-0.133390668077659	0.92696930004808	-7.17366950035361	0.0283350776404101	0.0812258274046586	0.00396490718614412	WT-like	WT-like	0.0
T360A	360.0	bystander	0.0322630802973809	0.819275672323606	-7.00801575197857	0.0267870679510346	0.0719036637125523	0.00351974278531329	WT-like	WT-like	0.0
G361A	361.0	bystander	0.12839488069747	0.908933032849398	-6.91188395157848	0.188333469991429	0.0798365344289073	0.00525525231733573	WT-like	WT-like	0.0
E362A	362.0	bystander	-0.149447998184132	0.994545365856426	-7.18972683046008	0.0635630100859074	0.0687924247739416	0.00246427631778827	WT-like	WT-like	0.0
Q363A	363.0	bystander	-0.297296621526555	1.02646015090897	-7.3375754538025	0.13155051840066	0.0859011009591063	0.0108215771624648	WT-like	WT-like	0.0
S364A	364.0	bystander	0.00605438085057101	0.953265416618037	-7.03422445142538	0.0775606091183462	0.0792063385236683	0.00587955794837543	WT-like	WT-like	0.0
G365A	365.0	bystander	-0.133045685566398	0.986328269428883	-7.17332451784235	0.100388104707075	0.0823101109157336	0.00801441228832788	WT-like	WT-like	0.0
Y366A	366.0	bystander	-0.389327237936298	0.974941494817254	-7.42960607021225	0.161937744851759	0.0775419757580505	0.00765706712025451	WT-like	WT-like	0.0
H367A	367.0	bystander	-0.468945063074518	1.03644713975128	-7.50922389535047	0.34060680051427	0.0821146006886995	0.0061708717358215	WT-like	WT-like	0.0
V368A	368.0	bystander	-0.156971210968879	0.851522952373271	-7.19725004324483	0.118180013190619	0.0678194869092985	0.00726518863321251	WT-like	WT-like	0.0
E369A	369.0	bystander	-0.272906188389083	0.908474712238162	-7.31318502066503	0.270057949893194	0.0722963924900525	0.00738705752181248	WT-like	WT-like	0.0
Q370A	370.0	bystander	-0.303543038559089	1.02435173424142	-7.34382187083504	0.145881955910208	0.085579329902936	0.0085756839429285	WT-like	WT-like	0.0
E371A	371.0	bystander	0.0655965658905376	0.875871451064717	-6.97468226638541	0.215595763167087	0.0728668351794533	0.00961025362066386	WT-like	WT-like	0.0
K372A	372.0	bystander	0.0600427298207278	0.999140610992152	-6.98023610245522	0.126692520089832	0.0826578797811533	0.00654620731639546	WT-like	WT-like	0.0
E373A	373.0	bystander	-0.0229671464565986	0.888640592440634	-7.06324597873254	0.168835278329051	0.0742532829300576	0.00901598217095955	WT-like	WT-like	0.0
N374A	374.0	bystander	0.253882699106954	0.940016833377244	-6.78639613316899	0.0785354418750655	0.0655159486800059	0.00807188782364047	WT-like	WT-like	0.0
K375A	375.0	bystander	-0.215087450959398	0.93756630544144	-7.25536628323535	0.194465593541062	0.0775727933475369	0.00717360021312659	WT-like	WT-like	0.0
L376A	376.0	bystander	-0.192393269514038	0.929478792965136	-7.23267210178999	0.243918988950145	0.077206970157618	0.00984539305957222	WT-like	WT-like	0.0
L377A	377.0	bystander	-0.182672457713218	0.888465156898998	-7.22295128998917	0.184499736299441	0.0734191636275779	0.00406232089385648	WT-like	WT-like	0.0
C378A	378.0	bystander	0.0993097108110712	0.823887024677653	-6.94096912146488	0.06575227751064	0.0648279084546245	0.0021528418032185	WT-like	WT-like	0.0
E379A	379.0	bystander	-0.174615824473653	0.892937446810448	-7.2148946567496	0.150317707727785	0.0722168780501895	0.0143976799643464	WT-like	WT-like	0.0
D380A	380.0	bystander	-0.0269874328169539	0.849087621690899	-7.0672662650929	0.126663883200804	0.0676698894429735	0.00751808569946751	WT-like	WT-like	0.0
L381A	381.0	bystander	-0.097874915697774	0.829217725470629	-7.13815374797372	0.0230657302419747	0.0660237374851705	0.00695612359205452	WT-like	WT-like	0.0
P382A	382.0	bystander	0.095323579126191	0.843206427297883	-6.94495525314976	0.155951259981598	0.0696484791097333	0.00331131897498008	WT-like	WT-like	0.0
G383A	383.0	bystander	-0.0186642410646159	0.794798445377586	-7.05894307334056	0.0756838377695748	0.0658726066894476	0.00399996922168746	WT-like	WT-like	0.0
T384A	384.0	bystander	-0.00212569495096885	0.834264775106548	-7.04240452722692	0.266642175964047	0.0689722366305623	0.00352196180486266	WT-like	WT-like	0.0
E385A	385.0	bystander	0.151900910683574	0.793660002671654	-6.88837792159237	0.172889429587027	0.0649632769991473	0.000569974466832501	WT-like	WT-like	0.0
D386A	386.0	bystander	0.0927724210411111	1.00598511646099	-6.94750641123484	0.181620686568061	0.077070723450798	0.0054044563835417	WT-like	WT-like	0.0
F387A	387.0	bystander	-0.197780865743338	0.939314451544311	-7.23805969801929	0.116370325945346	0.0727065412011249	0.00818760075265722	WT-like	WT-like	0.0
V388A	388.0	bystander	-0.173743892058869	1.01566806898032	-7.21402272433482	0.0582264237576392	0.0780209258321359	0.00666004968304196	WT-like	WT-like	0.0
G389A	389.0	bystander	0.172858224352228	1.00730059823426	-6.86742060792372	0.191785898299244	0.0778876599002323	0.00894840568197316	WT-like	WT-like	0.0
H390A	390.0	bystander	-0.025781320532619	1.04210096425222	-7.06606015280857	0.15367062210733	0.0804430683266956	0.00820240250409819	WT-like	WT-like	0.0
Q391A	391.0	bystander	0.0654761001900645	0.944189437463876	-6.97480273208588	0.0339549059059709	0.0729545206040496	0.00788239634683964	WT-like	WT-like	0.0
G392A	392.0	bystander	-0.128379473456592	0.928750667108344	-7.16865830573254	0.199902532246517	0.0718881256151933	0.00918609510626746	WT-like	WT-like	0.0
T393A	393.0	bystander	0.0226616101134012	0.913849952546405	-7.01761722216255	0.134498240417229	0.070063514971133	0.00629241508376128	WT-like	WT-like	0.0
V394A	394.0	bystander	-0.025098931098712	0.893617850530688	-7.06537776337466	0.105694915291248	0.067760895958994	0.0039173381216199	WT-like	WT-like	0.0
P395A	395.0	bystander	0.159780646013067	0.826219674411842	-6.88049818626288	0.086721658594523	0.0626966912613163	0.00215162839066408	WT-like	WT-like	0.0
S396A	396.0	bystander	0.103112993863717	0.871798618638609	-6.93716583841223	0.124635564074168	0.0665208164377519	0.00398266672855778	WT-like	WT-like	0.0
D397A	397.0	bystander	0.207195222751207	0.869791066306299	-6.83308360952474	0.18503047649719	0.066098399121808	0.00571985511123636	WT-like	WT-like	0.0
N398A	398.0	bystander	0.321944095554594	0.899085425726028	-6.71833473672135	0.0443027980120029	0.0682118866240166	0.00255533193479539	WT-like	WT-like	0.0
I399A	399.0	bystander	0.283946290770031	0.84518291523779	-6.75633254150592	0.120592671145261	0.0646577547378153	0.00453008152644838	WT-like	WT-like	0.0
D400A	400.0	bystander	-0.015565784352859	0.896294614486023	-7.05584461662881	0.28075902193381	0.0688945512611143	0.00638626650444763	WT-like	WT-like	0.0
S401A	401.0	bystander	0.133812075312007	0.91661715529605	-6.90646675696394	0.198615457868924	0.0701323342996953	0.00620934645081017	WT-like	WT-like	0.0
Q402A	402.0	bystander	0.0244419300483977	1.09310090003129	-7.01583690222755	0.159504519541333	0.07834944774748	0.0121787466089186	WT-like	WT-like	0.0
G403A	403.0	bystander	0.269164076254114	1.04844481796064	-6.77111475602183	0.0734657687836406	0.0747049055149146	0.00885456694329978	WT-like	WT-like	0.0
R404A	404.0	bystander	-0.246295516499372	1.14521440154726	-7.28657434877532	0.265804462169521	0.0817263513552643	0.00955156758526056	WT-like	WT-like	0.0
N405A	405.0	bystander	-0.0303809938748157	1.06597218091955	-7.07065982615076	0.0537742966398547	0.0757461237761386	0.00752509050097803	WT-like	WT-like	0.0
C406A	406.0	bystander	-0.0098415886736222	1.02862183537688	-7.05012042094957	0.117579709706001	0.0733007033312636	0.0094833540102519	WT-like	WT-like	0.0
S407A	407.0	bystander	0.161630782603336	1.10281466510447	-6.87864804967261	0.0738537134464753	0.0722742200919739	0.00480765212314598	WT-like	WT-like	0.0
T408A	408.0	bystander	0.361383117735091	1.16257664594111	-6.67889571454086	0.0705620527056902	0.0763786311203245	0.0064389146168135	WT-like	WT-like	0.0
N409A	409.0	bystander	0.119895882520316	1.07669062352972	-6.92038294975563	0.206387383533225	0.0703134505760035	0.0028789236701355	WT-like	WT-like	0.0
D410A	410.0	bystander	0.0533386082316743	1.01860478318974	-6.98694022404427	0.141676893408342	0.072339092989553	0.00808783783101352	WT-like	WT-like	0.0
S411A	411.0	bystander	-0.0744627730548922	1.0227880777682	-7.11474160533084	0.124055096933848	0.0727148937000496	0.00727954957684728	WT-like	WT-like	0.0
L412A	412.0	bystander	0.0761031758902775	0.938149187724171	-6.96417565638567	0.162275040454637	0.0663649841049179	0.00538759291480552	WT-like	WT-like	0.0
L413A	413.0	bystander	0.118886609099691	1.0174421885958	-6.92139222317626	0.248670781166263	0.072518959366801	0.00975358363313486	WT-like	WT-like	0.0
wt			0.0	1.0	-7.04027883227595	0.04106050306901636	0.0769252264330881	0.0013245323570650438			
