pos	BArr_EC100_norm_mean	BArr_EC100_raw_mean
2	0.9272880922267852	3.369023575634453e-05
3	0.8696509462488453	2.8086538667997738e-05
4	0.6988198735787494	4.407515808419334e-05
5	0.7937667791104062	3.30369247842125e-05
6	1.3159555003195065	3.34092731507699e-05
7	1.0622521901742934	3.482769682389585e-05
8	0.7580409906797684	2.4825816941017317e-05
9	0.7694851899904698	5.1365602994934604e-05
10	0.6554109952146885	6.40166977573664e-05
11	0.95822803499849	4.112553682013293e-05
12	1.0706313611549478	5.568503848478971e-05
13	0.8702954885637862	8.560220893928243e-05
14	0.9650148993075459	6.43005769297809e-05
15	0.8542139734165227	3.637250506008306e-05
16	0.953871266446453	3.6507639323663936e-05
17	0.912592595320902	8.788685296385128e-05
18	1.2692907069288986	3.488311159385347e-05
19	1.0079912064717682	4.5393446295816916e-05
20	0.7849015644266416	3.866978754095806e-05
21	1.0663796968090162	6.440557333601643e-05
22	0.5876019868561533	6.681076878996679e-05
23	1.1435997508215965	3.900713710543695e-05
24	0.9944856572255129	5.1132277647744596e-05
25	0.7516727167225414	5.0665626953364574e-05
26	1.0637466607499941	3.891089039972107e-05
27	0.6400504795962763	2.7696690900401096e-05
28	0.961861904572686	5.021744784897042e-05
29	0.8389316134110971	4.6922699508858114e-05
30	0.9052772136573423	3.228056178373821e-05
31	0.7419373145573422	5.26381983260668e-05
32	0.8374546059236113	4.676520489950485e-05
33	0.9461642287496128	5.3312897455024576e-05
34	0.9308238719922699	4.309519162599529e-05
35	0.819012033023538	9.203129444331389e-05
36	0.4874997727103955	2.8973174987319792e-05
37	0.7054525489512438	5.5211582467783306e-05
38	0.5134186999681188	3.443882124524583e-05
39	0.45044198407228814	3.5616142059608766e-05
40	0.5452074988793792	5.321859512720196e-05
41	0.8643304176802836	4.696644801145624e-05
42	0.549374501308416	4.09962356902318e-05
43	0.4645779258822946	2.624812936992977e-05
44	0.9108905132378063	4.662618188013749e-05
45	0.7934583707036506	4.32546306132418e-05
46	0.6902564258505387	6.704409413715681e-05
47	0.31338460725997114	3.0771724538576136e-05
48	0.7526702717801718	3.480047553339035e-05
49	0.5236636114375449	3.415494207283131e-05
50	0.4657722433265482	4.625286132463346e-05
51	0.1447195203291927	4.7262965640176885e-05
52	0.4806553689504274	5.858313373467898e-05
53	0.3670494521967082	2.7052129628788685e-05
54	0.3011592750962895	2.481026191787132e-05
55	0.36243218457645354	4.303783247814441e-05
56	0.6010766554109116	3.67040214908822e-05
57	0.14116504597222626	2.8404444453544133e-05
58	0.6990884925091376	4.4274456818251477e-05
59	0.8302299771844626	7.716944201625673e-05
60	0.7348888453107306	3.7077342046386214e-05
61	0.3491936853091298	3.7354415896174354e-05
62	0.6474954226892736	7.46349454324052e-05
63	0.9793801880682776	5.042257971670829e-05
64	0.17816608517981264	3.556072728965114e-05
65	0.33401556981955827	2.438735972608942e-05
66	0.6194423922640288	2.9365939321756307e-05
67	0.7044793668050435	1.781536244690407e-05
68	0.6854651515913412	0.00011844664031206318
69	0.46816889749811935	0.00011246962266821236
70	0.6729299840483856	0.00014367008253225014
71	0.18970051933805496	9.500424824209329e-05
72	0.3705715200686022	0.00010523653690532195
73	0.7259421316011094	0.00017534788716908078
74	0.3060708412668311	0.00012280010241505013
75	0.28584089289123144	0.00010778561632337284
76	0.3184223963586463	0.0001281383919209683
77	0.42311322205547525	0.00015870109583602008
78	0.32407714804902377	0.00015669935879491907
79	0.17432713262403982	9.257183149763743e-05
80	0.26234520323326205	0.00014540155104618934
81	0.4453177285406485	0.00011850886040464717
82	0.44003746548156775	0.0001224753913068774
83	0.07150745400292063	0.00015150203668626153
84	0.4364547290967787	0.00015919788438774546
85	0.601071121159628	0.00015636492579728007
86	0.1705311430234746	0.00014495337194179523
87	0.5810511835862198	0.00013555522139477083
88	0.06885822520587624	0.00012870906683263723
89	0.6228113863840528	0.00014119683385203598
90	0.5966088599012814	0.00012880823010519296
91	0.7181721018806884	0.00019454375792019244
92	0.9041567692507351	0.0002175826915773129
93	0.8134283759912418	0.00018241570081104497
94	0.8628898503571889	0.00018614112885451215
95	0.7123468002797574	0.00016150974970281982
96	0.9795045680340463	0.00019132775688475678
97	0.6036879637265614	0.00014397729423938364
98	0.8931659862367751	0.00016322566319361303
99	0.1410410454656915	0.00010862072662852378
100	0.8981827220102102	0.00014586917392951597
101	0.4596875758138109	0.0001248154501014039
102	0.21137186414354864	0.00010799269256900398
103	0.7643753396310984	0.00017064249266741555
104	0.8049580259155467	0.00013669073808442888
105	0.58988065346691	0.00010591415260111961
106	-0.07745135146763459	7.029703835256423e-05
107	0.6725495978654187	0.00014164792952327002
108	0.45843357737182644	0.00011071871037534063
109	0.6557562724810244	0.0001956471923746119
110	0.8211618940455462	0.00012622706845190346
111	0.39949811087846643	0.00011425942251894905
112	0.5384948260838581	9.724125500827754e-05
113	0.07518172922301596	6.88368105547334e-05
114	0.21127712685809483	9.475536787175728e-05
115	0.4072084866052622	0.00012115321433946731
116	0.38556479358007895	0.00011963368301589235
117	0.3022734441044388	0.00011695335809004708
118	0.20097211679662932	0.00012312189695638304
119	0.23900711608922223	0.00011299168813255
120	0.5306194474574879	0.0001564358955903837
121	0.2828689280444204	6.747088508472521e-05
122	0.6234095401583387	0.00011219643757421072
123	0.6281144651850722	0.00013074385829792343
124	0.6766770215571326	0.00012523349134845266
125	0.5394334206823946	0.00011168798275512582
126	0.33316042833356346	9.50236920210258e-05
127	0.24020656968676823	8.445794254910475e-05
128	0.26965372146373723	0.00011048052408341746
129	0.4767387027987093	7.941325410506734e-05
130	0.7477089476939267	9.842246457842696e-05
131	0.20932485352761165	8.624871458878808e-05
132	0.5492221738258597	0.00010504987662756996
133	0.5669996047125011	8.465335252737637e-05
134	0.777190119985338	0.0001159451981523969
135	0.47179209023443164	8.141013020143519e-05
136	0.6771429904902818	0.00010482141222511306
137	0.7875560706496398	9.440732422886551e-05
138	0.34295837581739474	6.912652286082767e-05
139	0.333077948818855	5.790746241677458e-05
140	0.860048895813636	6.732894549851796e-05
141	0.6566055660887588	7.013857155426435e-05
142	0.8591001009905374	7.147435916692717e-05
143	0.8822997367134717	9.737736146080505e-05
144	0.9369231539810741	8.044474657743653e-05
145	0.7051897211170611	7.219086242058983e-05
146	0.5091594847708271	5.023689162790292e-05
147	0.6657225874454517	8.472043356469351e-05
148	0.7254180485882423	8.300549226284691e-05
149	0.744091764928831	9.778081987365444e-05
150	0.45221425312685953	8.330492645840743e-05
151	0.7741520358111124	8.894848329356586e-05
152	0.9199827483273453	8.356352871820968e-05
153	0.4556748359501732	7.964269069647085e-05
154	0.39996338308100726	5.6490010932595245e-05
155	0.589804250963774	0.00010003435385193132
156	0.5429691811044494	6.765948974037046e-05
157	0.3561609697302123	6.1214849213193e-05
158	0.04073196025723868	4.2803534942007774e-05
159	0.4964027524889834	7.186420693452383e-05
160	0.5102134935258346	4.76907287766919e-05
161	0.17449434305570782	4.690228354097899e-05
162	0.35078823080311294	5.360455413901209e-05
163	0.5477513555239512	6.969914215038982e-05
164	0.5365441163083206	8.800837658217942e-05
165	0.12756894387717901	4.537497470583104e-05
166	0.4084846577085571	6.48197258272787e-05
167	0.46348266855348597	6.447265437333354e-05
168	0.21452826621900287	4.29289473161224e-05
169	0.32359453815317196	6.252535991324357e-05
170	0.79171708205727	9.71576467588678e-05
171	0.6676807559743358	8.422461720191471e-05
172	0.5792998034450134	7.461744603136597e-05
173	0.31809789973961317	5.862396567043724e-05
174	0.5756569709711495	8.774588556659065e-05
175	0.6115567279344605	9.98661651641652e-05
176	0.5123324873779481	7.582587689202091e-05
177	0.8175135990430167	0.00010791102869748747
178	0.8433569992766213	9.72781981882493e-05
179	0.981827465847197	7.730165971299773e-05
180	0.9128162129861942	7.811440967237627e-05
181	0.1267102636198763	6.707131542766231e-05
182	0.897716424119692	0.00010181540400214839
183	0.7396716767041163	4.820404454050993e-05
184	0.053784618952534384	4.1111926174880184e-05
185	0.39413011927687125	8.406809478150809e-05
186	0.8609116433504451	7.745040462183136e-05
187	0.8979244755893018	6.030779692599183e-05
188	0.7627835468979107	5.842369474743248e-05
189	0.8685270307635491	8.579275797282092e-05
190	0.09203900623555426	4.425404085037235e-05
191	-0.0073796703798324785	5.065201630811182e-05
192	0.7899367637576057	6.993538406441971e-05
193	0.5252081012821284	4.381072269071133e-05
194	0.8392318079607737	7.172907267094294e-05
195	0.8109916329217537	5.5901836619887096e-05
196	0.35525701378495794	5.200044237708076e-05
197	0.8389142057837996	6.913527256134729e-05
198	0.9718180393181267	5.728234492409466e-05
199	0.09701232512456083	3.750218861606137e-05
200	0.6235803758076289	5.417425686173438e-05
201	0.7127480230642168	4.381947239123095e-05
202	0.8518426428531248	5.431425207004839e-05
203	0.49823662507193595	3.513199196418949e-05
204	0.1030878080737233	3.86522881399188e-05
205	0.5591416084462023	5.9671013165952424e-05
206	0.627631597743707	3.3499686722806034e-05
207	0.22849140727758288	5.6749585381344135e-05
208	0.3533767786456519	5.863854850463662e-05
209	0.38271638396720475	5.75555300180963e-05
210	0.6314101187906127	5.243209426938228e-05
211	-0.04740677766398594	4.263534625424164e-05
212	0.6387107423477189	9.765637968848644e-05
213	0.6399938046197784	8.491584354296513e-05
214	0.4653605280015223	8.469710102997449e-05
215	0.4723259751374521	6.048570750322421e-05
216	0.4660916480049572	6.177969099118217e-05
217	0.7183300956130412	6.664355229114728e-05
218	0.7284317278249517	5.1772950163570496e-05
219	0.39358558624132756	8.450752418538262e-05
220	0.790782993985902	6.712867457551319e-05
221	0.7466421734801618	7.758553888541224e-05
222	0.3835969316452447	4.512998309128152e-05
223	0.6931958038678189	6.948526058213232e-05
224	0.8553532254478928	6.814850078052287e-05
225	0.9950795374943643	0.00011907759093842284
226	0.7877624818877103	9.078786478058046e-05
227	0.8806267708000906	7.861994792462131e-05
228	0.8510747414217303	9.759318740695581e-05
229	1.0664920078751847	8.261467230630364e-05
230	0.9001174630121054	7.82242670233449e-05
231	1.0869419000901794	7.488382580274122e-05
232	0.9293631815978656	8.073154231669091e-05
233	1.0424115450009983	8.301813071915303e-05
234	0.9029336235139973	7.925187073992758e-05
235	0.8665377678199696	5.690999655753727e-05
236	0.9517895194173209	8.538832737102492e-05
237	1.0684777975558049	7.25855711329196e-05
238	1.01958043160762	0.0001264535884764671
239	0.9209824721035375	8.635565537291683e-05
240	0.9101063677145276	0.00010105320786799438
241	0.9687168095459845	9.26914107380723e-05
242	0.8940142269361654	8.461252059161812e-05
243	0.8649802614738394	5.81446765197511e-05
244	0.7951754895117742	6.808919725477875e-05
245	1.0139810721462423	0.00011415345392376694
246	0.9515458632096027	7.39048315334898e-05
247	0.8671672895951698	9.281098997850718e-05
248	0.9818934416146129	7.893104838754132e-05
249	0.9036341590000837	6.483625303937132e-05
250	1.0150104755950657	0.00010874322243579851
251	0.9317679205898723	7.80376067455929e-05
252	0.9496366672961727	0.00010702439237816544
253	0.7678062404414046	8.592886442534843e-05
254	0.8381813267847974	7.778580980841701e-05
255	1.071152333423978	9.114951906872498e-05
256	0.7980140183300475	9.136145625908923e-05
257	0.886798256725653	8.185442055004283e-05
258	1.0685879756193069	7.181462529824595e-05
259	0.8469544408865157	8.702063261240837e-05
260	1.0694373138019129	8.939082926428025e-05
261	0.8132819088194765	6.726380883909407e-05
262	1.026727407818416	0.00011279822253217162
263	0.903853974759603	5.8878679174453e-05
264	0.7615745814391861	8.476223768939837e-05
265	0.9899957107095149	8.40408734910026e-05
266	0.9317653110058669	0.00010822115697146089
267	0.9728554486388585	8.071112634881179e-05
268	0.8355440143238994	0.0001727579758152717
269	0.9157139110788242	9.581797039041846e-05
270	0.7459737545438052	9.77983192746937e-05
271	0.96554014031411	7.640724588210269e-05
272	0.887366434798984	9.225295352314439e-05
273	0.8728279135179515	0.00010985054564600444
274	0.7221262509878564	7.454939280510221e-05
275	0.7159538277066285	3.761204596703e-05
276	0.814287897214544	0.00012824824927193694
277	0.8715081264870852	0.00012220123402392912
278	0.48647331856346	7.734832478243573e-05
279	0.516861792394398	7.511034582730487e-05
280	0.5100942732077993	8.010156387927788e-05
281	0.681939761280729	7.639752399263644e-05
282	0.5658925235165466	9.101730137198397e-05
283	0.7737051353267884	0.00015505927604196262
284	0.5688259527365718	7.887855018442356e-05
285	0.5055551610853679	0.000122266370683353
286	0.10391113630824138	5.393898713665112e-05
287	0.6561398641887357	0.00010088793574706813
288	0.14820807864972668	9.333013887600495e-05
289	0.15964781232526262	7.113603741350164e-05
290	0.3531638873641741	0.0001292291879190816
291	0.5609743284901328	8.28110544735219e-05
292	0.5344123644525651	8.660550793219948e-05
293	0.47220531621724593	0.0001469278876923907
294	0.5662704400025288	8.882112654155796e-05
295	0.7389976459158754	0.00013386264043869662
296	0.8224531306057868	0.00011945966119444648
297	1.0029308716513048	0.0001166704511065792
298	0.8949592571605792	0.00012058253942779839
299	0.9172537247315703	0.00017426195211570062
300	0.929582211212739	0.00011099092328039564
301	0.8625811568552467	0.00014623957791818013
302	0.8626589371511691	0.00014126780364513963
303	0.7637451422284162	9.768068441215206e-05
304	0.8846486975701082	9.67434942676055e-05
305	0.6051600035983679	8.374143929544207e-05
306	0.5302244866127884	9.975922438003642e-05
307	0.8053713275326415	0.0001486632449621164
308	0.5770088580333197	7.733568632612961e-05
309	0.8458357594510466	0.00015525857477602072
310	0.6735725842364051	9.882883955811625e-05
311	0.4489124262638251	0.00012698634801921763
312	0.1779069545178139	5.721040294204441e-05
313	0.6628637728000764	8.176595135589996e-05
314	0.5621233427429696	6.794239672383835e-05
315	0.10222024422958073	7.075591153537126e-05
316	0.19775555554916832	8.353241867191769e-05
317	0.5203484011491922	0.00013141175210425486
318	0.5163524207939111	0.00016091282568959204
319	0.3545088763263483	8.197691635731761e-05
320	0.49025375228650075	5.2497230928806163e-05
321	0.37484513735064123	7.5309644561363e-05
322	0.320699258717056	7.906034951744245e-05
323	0.5048310646881331	0.00011330181640652339
324	0.5829557172372885	8.151318222977747e-05
325	0.3787139956635084	7.144130474274191e-05
326	0.31674294944310327	6.583371889860862e-05
327	0.2671566794033841	7.928103640832633e-05
328	0.5600140578079824	9.057106664548306e-05
329	0.37634203266563565	8.862377218539308e-05
330	0.6630944585842933	0.00011934494289874472
331	0.7519454985788517	8.341964475410919e-05
332	0.3421133188269105	5.83430030648626e-05
333	0.8365903866970471	0.00013530050789075504
334	1.0805539524628145	6.874445260480402e-05
335	0.6351405558099263	7.560130124535052e-05
336	0.4896951493549887	0.0001022577499728628
337	0.90793406853009	0.00011782249500832988
338	0.7176198743379232	0.00011796637897243038
339	0.6178218868915832	7.523089725668639e-05
340	0.6179475992046152	7.691958945697409e-05
341	0.9009001616782765	8.525902624112377e-05
342	0.9102912258428588	0.00013366723046042496
343	0.8902219875009058	7.212961451695246e-05
344	0.8319228101981193	0.00017226507601933276
345	0.9756521515331631	0.0001744126414024275
346	0.9933155334001601	0.00013787972516615132
347	0.909749579832119	0.00016599834606938768
348	0.9668464033819287	0.00015507288668721535
349	0.9652126946525486	0.00012113279837158818
350	0.9619090576331305	0.0001138297150045408
351	0.9964234694779297	0.00013619589391059673
352	0.9526965714503164	0.0001309635729998607
353	0.7450706967273429	0.00013131453320959233
354	0.9027486356161291	9.945201267290291e-05
355	1.1186779914559979	0.00013763278917370856
356	1.0268939798951795	0.00018478200870713032
357	0.9527215658500713	0.0001397268841647389
358	0.9442511552353444	0.0001712841373721881
359	1.011450456713891	0.00016857173021110418
360	0.9549936651266203	0.00013880913779912486
361	0.9330759907090638	0.00019918109919559395
362	1.0038049573310992	0.0001678425885011354
363	0.9105230116314711	0.00013204853586429427
364	0.9145469259097486	0.00013788166954404455
365	0.9615259025568789	0.00014730412481473454
366	1.0514293956874905	0.00012163347567910009
367	0.9783292036868947	0.00013607631467016186
368	1.001739531315446	0.00014259970250201596
369	0.9647872166954446	0.0001584551320325239
370	0.8824015384946506	0.00013526259252183667
371	0.8971420721123876	0.00013465691880808927
372	0.9949642327096012	0.00014621721757240774
373	1.042892712248548	0.00011725668104139411
374	1.0743606637099061	0.00017274630954791217
375	1.0606912802697364	0.00011318807029976826
376	0.8519308634178887	8.167748216175708e-05
377	0.9148419354204222	0.00017767336312940794
378	0.9712401675516994	0.0001331714140976462
379	0.9830474061021874	0.00011903675900266458
380	0.9960777339624113	0.00016507768313693376
381	1.0039218009811413	0.0001685056213627337
382	0.9821650826565985	0.00019263049007323433
383	0.954197011166881	0.00014255887056625769
384	0.9225525822360757	0.00013654102098664862
385	0.8724041438723472	0.00014301191061538495
386	0.9142198767390558	0.00013037831525399243
387	0.9914469563978456	0.0001180674866228794
388	0.9788594798874993	0.00010962110905460093
389	0.8632947157054978	0.00014243637475898292
390	1.037083605424281	0.00014613847026773112
391	0.9779932668148965	0.00014526155583787534
392	0.9161103261768845	9.695154270218327e-05
393	0.8935863490595449	0.0001358809046918902
394	0.7848029993259008	0.00015803417421863524
395	0.9573231008951798	0.00011455788452556296
396	0.9063892222021575	0.00014381882744108376
397	0.9737687379465352	0.00016646499676376773
398	1.1010605369989157	0.00015798750914919728
399	0.9229153303691305	0.0001829299887638096
400	0.7680166790625694	0.00011605116674757906
401	0.9506215290915946	7.497229499688411e-05
402	0.9781377544588419	0.00013537439425069856
403	0.9343829875624068	0.00012824533270509706
404	0.9140017251813884	0.00012891225432248184
405	0.9452775658336472	0.00013416693557899025
406	0.9697451297924838	0.00013520523337398583
407	0.9766414568481305	0.00013694545158844464
408	0.8775863249220754	0.00014355925299233487
409	0.9766342213560232	0.0001542368041931178
410	1.0042720764479356	0.00012168111293748471
411	0.960872847459822	0.00014327051287518723
412	0.8842863846066175	0.00010123403501206661
413	0.9511378760367554	9.173380462564663e-05
