pos	Emax
2	0.9728156814272492
3	1.0500931462386944
4	1.1139920748254393
5	1.0743017346634294
6	1.054559638267673
7	0.9615370790110906
8	0.914212753352634
9	1.0623777845032731
10	1.0313707730062294
11	1.0108210764981787
12	0.9996753290617448
13	1.0059589578786785
14	0.9978684220357589
15	1.0830202578223773
16	1.006392180571003
17	1.0273940813915468
18	1.038400248834935
19	0.9864537776084915
20	1.0714997344804067
21	1.1028962935340352
22	0.891940097305904
23	1.0418019528936693
24	1.0431088681556022
25	1.0578242275125902
26	1.0747595054256187
27	1.0890616476883315
28	1.0875314557485225
29	0.9817134652488315
30	1.0721254817088757
31	0.9358635520586399
32	0.9029872081883338
33	1.0391773472520809
34	0.9456057696583843
35	0.9758946806618815
36	0.9489320857800202
37	1.0145399875328567
38	0.9506870577859279
39	0.7680222021695909
40	1.07196276694739
41	0.9273670784269675
42	0.7680654763046988
43	0.9043281152255176
44	1.1232386836028863
45	0.8714337752151746
46	0.9845987780585123
47	1.0041753465681151
48	0.9486464582893169
49	0.8783163460412106
50	1.157600065265112
51	0.6143802117646101
52	0.8128470397286497
53	0.722728645057473
54	0.6296054121705441
55	0.8294937721692095
56	0.9665309739557085
57	0.9258803747560146
58	0.7638598488991365
59	0.9234763196496869
60	0.756360270543853
61	1.021687484876234
62	0.871260671928862
63	0.9870732795548368
64	0.827834616208254
65	0.7528045843516378
66	0.8872099687690187
67	0.9003750678213325
68	0.8554378684681563
69	0.7086262232843706
70	0.9425553345556787
71	0.6804123996188953
72	0.8032644412251774
73	0.9362633315966938
74	0.66951475059737
75	0.6089298569419199
76	0.5733622054937629
77	0.9124135967305188
78	0.6885172668994162
79	0.6031118103813996
80	0.829393431454673
81	0.7129038548035876
82	0.6326024921969162
83	0.6659058617927082
84	0.84357101702194
85	0.9056165911095105
86	0.6181461915945096
87	0.9637099766948727
88	0.6444456719150363
89	0.9972270218943192
90	0.9125825941612481
91	0.9286210861482311
92	0.9874285656892067
93	0.9647514880744149
94	0.9760831106531718
95	1.0015254802935991
96	0.9668952715762205
97	0.8312203224783598
98	1.0872038896216758
99	0.6835469633797588
100	0.9805768596086969
101	0.9285663381707806
102	0.7334200791581862
103	0.9999035466952402
104	0.933913140302789
105	0.8546238779855504
106	0.3921354983049127
107	0.9701904595345718
108	0.850266681932175
109	0.9238222719635597
110	0.9181176938251927
111	0.7524639399784189
112	0.7297911631976327
113	0.6151533579445005
114	0.6422482955064345
115	0.7732418089949897
116	0.7433877311976448
117	0.7826466916943272
118	0.4645392517035922
119	0.6125113601675455
120	0.7737608550852617
121	0.6044059005680237
122	1.0204723090010497
123	0.9170065283799307
124	1.0113280281101835
125	0.8181530372262765
126	0.7656480351244408
127	0.574498057121187
128	0.7455746588818114
129	0.8584648766283254
130	0.885803532349393
131	0.26781949239730307
132	0.8814362257710796
133	1.0134612608566518
134	0.9453461256735001
135	0.7616921031260673
136	0.928736047614369
137	0.991600615132373
138	0.45892410128563743
139	0.6468067921387732
140	0.8699699366732432
141	0.7604745542374215
142	0.9484985999014635
143	0.978584092921915
144	0.9892084041937486
145	0.8606588175805022
146	0.8150564539953331
147	0.8844778365655619
148	0.9578802159225587
149	0.885027678497653
150	0.7565571187468173
151	0.8681576301766218
152	0.9704012795868623
153	0.754252715668457
154	0.7296886624721377
155	0.8972210199467797
156	0.9339960741141538
157	0.7826967083532727
158	0.6336394514615155
159	0.778295188230887
160	0.8949473926293913
161	0.5460776073095295
162	0.9392034175899908
163	0.9404992446858655
164	0.7287570949271556
165	0.60518463443703
166	0.812834602764991
167	0.8979636882206707
168	0.8988181380232969
169	0.7903920493207662
170	0.9919372954340562
171	0.8213842490555636
172	0.8381592583113566
173	0.8450546340017338
174	0.9802826694077069
175	0.8533809043475779
176	0.8069832282520965
177	0.9424483750989675
178	0.9983489170984671
179	1.1144449421883054
180	0.9813195074815535
181	0.7167177318765743
182	1.046764713980024
183	0.9778101087840246
184	0.6827664244118709
185	0.8119031772500235
186	1.024467865547786
187	1.0606533280118533
188	0.972161567591893
189	1.0052076540165429
190	0.41111143666554667
191	0.45834803468228935
192	1.0043593981222485
193	0.8590967486067007
194	1.0076678899463714
195	0.9787579247136488
196	0.7485358737961184
197	0.8924333895071197
198	1.1220670862148292
199	0.5728932209170441
200	0.8693884577239944
201	0.9654783261476085
202	0.9994673250243554
203	0.5346162842683498
204	0.5129815027040163
205	1.0648519539727377
206	1.0538699733657293
207	0.6049874104460942
208	0.7311471057379578
209	0.7083828991902623
210	0.802801980177108
211	0.55961263581641
212	0.912271729515862
213	0.8846310927302711
214	0.9050872393950097
215	0.8233796409445683
216	0.9147088429377004
217	0.9510529832237448
218	1.0475509554641922
219	0.6437992765553663
220	0.9993812219358056
221	0.8963590362100351
222	0.9440671106520034
223	0.9302836921234865
224	0.9982471284165206
225	1.017331895402388
226	0.9581635651336851
227	1.0321248525642586
228	1.0706769413801211
229	0.8938307671822937
230	0.9346623759585244
231	1.0461839163029072
232	1.0573807073418873
233	1.0523750436051238
234	1.0942744080845133
235	0.9792171711741767
236	1.0334950456547882
237	1.056576050520934
238	1.1151317616662664
239	1.0021333915112587
240	1.0609531559735277
241	1.0387761568151457
242	1.0005192173455633
243	1.02200148958865
244	1.042352128335889
245	0.9648970522866721
246	1.0889329637300493
247	0.9795607263247975
248	0.9691966291027273
249	1.025674303170447
250	0.9802116423820688
251	0.9786366284351642
252	0.9539222689854956
253	1.0001564488242929
254	1.0416163491211652
255	1.1024694211306145
256	0.9875810195113579
257	0.9694681852956709
258	1.0288563014890166
259	1.0015207093682779
260	1.024100815641663
261	1.1203521268370344
262	1.0791384457091258
263	0.9088295380062342
264	0.9193954744969082
265	1.1154796792934576
266	1.0761628833185162
267	1.0228049747821286
268	1.0944277618283862
269	0.9994642793901438
270	0.8798893154551631
271	1.0204584475916587
272	0.9691130020972738
273	1.0485851523671115
274	1.012150099505324
275	0.8218763749492656
276	0.9700628307891146
277	1.046596597482981
278	0.6383730247332335
279	0.7076680048669417
280	0.7310007302039392
281	0.9110395167942852
282	0.7176644239457649
283	0.8947041258963864
284	0.8441773201214697
285	0.7950079949210197
286	0.18132446184342366
287	0.9219514697748201
288	0.5338359300202612
289	0.5220808187024861
290	0.7365212003989152
291	0.9748232323849074
292	0.9431087006996137
293	0.7781122679437112
294	0.9156946010637427
295	0.9546090295504008
296	1.0613719879787076
297	1.0812274791412344
298	0.9883564409538101
299	1.0076292711903538
300	1.0070730839871358
301	0.8641913824364865
302	0.9949458192742129
303	0.8766093220726319
304	0.9259197063587628
305	0.9030948960589237
306	0.8148203732840725
307	1.0498211027121669
308	0.9875001080109918
309	0.990709395331379
310	0.8425452988245785
311	0.8258349023004448
312	0.4907960037689177
313	0.8268076969005249
314	0.8428265744915641
315	0.8167411820296567
316	0.6007532154970884
317	0.8740805053125609
318	0.7657739476775131
319	0.6432692726916622
320	0.8391630589056011
321	0.8831114746739288
322	0.6595136371366237
323	0.7760479714416141
324	0.8661796627652278
325	0.5822148122228481
326	0.318747862410385
327	0.7705798898773478
328	0.7905420579554956
329	0.698891537105695
330	0.8567186023940307
331	0.9356456368636304
332	0.6388197150699954
333	0.9736141428200538
334	0.9629065828716622
335	0.7236141133892164
336	0.7316240395632247
337	0.990630147523516
338	0.8853785289602343
339	0.8408548239356144
340	0.8747926533519068
341	0.9678740183664516
342	0.9920783262863352
343	1.0616420318331241
344	1.0304115885200897
345	0.9735251173962858
346	1.0177541141969921
347	1.0012342577363706
348	0.9387576922722608
349	1.1169571337743398
350	1.0711535645512915
351	0.942243298284496
352	1.0641147525190857
353	0.9220259921394945
354	1.068404683855442
355	1.1094615698513939
356	0.9813914868492666
357	0.9465320613219013
358	1.0193413181161914
359	1.089132177152087
360	1.0236287176141008
361	1.042385865249598
362	1.0783080917415682
363	1.026943943444619
364	1.0088169283760757
365	1.0279274137070034
366	1.0942001888775965
367	1.0335940075233783
368	1.0298299628419283
369	1.0386178888872246
370	0.9978372900536596
371	1.0232888551226824
372	1.0252655583600319
373	1.0201271555835878
374	1.0156584748971587
375	1.006531360662385
376	1.0422085501620286
377	0.9965502862381744
378	0.9387541131022252
379	1.0383384095841064
380	1.0130531388300714
381	0.9948779839477937
382	0.9942890913731671
383	1.106137825828901
384	1.068360421280652
385	0.9951668663756817
386	0.9744670444928177
387	1.0749820455097652
388	1.0389211087829961
389	1.007615264765331
390	0.9766048625403314
391	1.0556215178553932
392	1.0365739960298963
393	1.0028971863701195
394	0.9877083821851488
395	1.0732855561258379
396	1.0085197843612481
397	1.0672880065996857
398	1.0623033641325907
399	1.0109543500222131
400	0.9510884236909156
401	0.9962412443463314
402	1.0157104560985177
403	1.0301929981841174
404	1.0126948029132445
405	1.0529664834792285
406	1.0817099630440896
407	1.0116773626328674
408	1.0157533804720436
409	0.9961283056143512
410	1.0385804398724372
411	1.012952980472406
412	0.9261839710813091
413	1.084666454511241
