HRH2_resNum	n_datasets	combined_significance	combined_score	B2AR_score	MC4R_score	GPR68_score	V2R_score	Emax_score	BArr_score
2	5	0.03259394981376728	0.03259394981376728	0.003095975232198178	0.10507246376811594	0.04095563139931746		0.024767801857585092	0.021671826625387025
3	6	0.2379772508785355	0.2379772508785355	0.012383900928792602	0.036231884057971016	0.24573378839590443	0.006578947368421018	0.5572755417956656	0.5696594427244582
4	6	0.13372383676072302	0.13372383676072302	0.15479876160990713	0.06884057971014493	0.19112627986348119	0.2730263157894737	0.11455108359133126	0.0
5	6	0.16788344718320158	0.16788344718320158	0.20123839009287925	0.03260869565217391	0.21501706484641636	0.38815789473684215	0.11145510835913308	0.05882352941176472
6	6	0.15980158558790883	0.15980158558790883	0.024767801857585092	0.07246376811594203	0.16382252559726962	0.23026315789473684	0.08359133126934981	0.38390092879256965
7	2	0.07557843885075007	0.07557843885075007		0.13768115942028986		0.3157894736842105		
8	3	0.06287374096318106	0.06287374096318106		0.10869565217391304	0.058020477815699634	0.21052631578947367		
9	3	0.11796107626984065	0.11796107626984065		0.010869565217391304	0.5324232081911262	0.16447368421052633		
13	2	0.05455137416921143	0.05455137416921143			0.13651877133105805	0.1907894736842105		
14	2	0.05673125860726904	0.05673125860726904			0.22525597269624575	0.11513157894736847		
15	3	0.07238960024957283	0.07238960024957283		0.06159420289855073	0.11945392491467577	0.2532894736842105		
16	6	0.35010838031710945	0.35010838031710945	0.04024767801857587	0.14855072463768115	0.825938566552901	0.25	0.43343653250773995	0.4024767801857585
17	6	0.40410342131270965	0.40410342131270965	0.43034055727554177	0.26811594202898553	0.6621160409556315	0.2467105263157895	0.5263157894736843	0.2910216718266254
18	6	0.22536625861467066	0.22536625861467066	0.37151702786377705	0.17028985507246377	0.3481228668941979	0.22697368421052633	0.11764705882352944	0.11764705882352944
19	6	0.27640161491113474	0.27640161491113474	0.44272445820433437	0.14492753623188406	0.23890784982935154	0.29934210526315785	0.4055727554179567	0.12693498452012386
20	6	0.44646660711415304	0.44646660711415304	0.33746130030959753	0.4057971014492754	0.7747440273037542	0.5230263157894737	0.3281733746130031	0.30959752321981426
21	6	0.44720722338836216	0.44720722338836216	0.4241486068111455	0.050724637681159424	0.7372013651877133	0.3782894736842105	0.39628482972136225	0.6965944272445821
22	5	0.33302621025240436	0.33302621025240436	0.3436532507739938	0.4963768115942029	0.5358361774744027		0.17956656346749222	0.44272445820433437
23	6	0.4889204868405866	0.4889204868405866	0.6811145510835913	0.213768115942029	0.4368600682593856	0.5460526315789473	0.3931888544891641	0.6625386996904025
24	6	0.7145279700798453	0.7145279700798453	0.5325077399380804	0.7318840579710145	0.795221843003413	0.7105263157894737	0.7678018575851393	0.7492260061919505
25	6	0.6108554612791767	0.6108554612791767	0.5232198142414861	1.0	0.9112627986348123	0.5526315789473684	0.05572755417956654	0.6222910216718267
26	6	0.5076404754543237	0.5076404754543237	0.28482972136222906	0.9130434782608695	0.5631399317406143	0.5789473684210527	0.4613003095975232	0.2445820433436533
27	6	0.6223712974801321	0.6223712974801321	0.6160990712074303	0.5833333333333334	0.341296928327645	0.8157894736842105	0.7647058823529411	0.6130030959752322
28	6	0.6556010140210909	0.6556010140210909	0.4055727554179567	0.8152173913043478	0.8600682593856656	0.6019736842105263	0.5201238390092879	0.7306501547987616
29	6	0.3635384924191715	0.3635384924191715	0.02786377708978327	0.43478260869565216	0.68259385665529	0.875	0.003095975232198178	0.1578947368421053
30	6	0.5298961170040867	0.5298961170040867	0.2693498452012384	0.5398550724637681	0.7542662116040956	0.680921052631579	0.6006191950464397	0.33436532507739936
31	6	0.47891747093059905	0.47891747093059905	0.17956656346749222	0.5905797101449275	0.621160409556314	0.7236842105263157	0.30030959752321984	0.45820433436532504
32	6	0.6270041626653187	0.6270041626653187	0.56656346749226	0.7898550724637681	0.8191126279863481	0.4967105263157895	0.2198142414860681	0.8699690402476781
33	6	0.49166689286310605	0.49166689286310605	0.4736842105263158	0.4528985507246377	0.7167235494880546	0.5296052631578947	0.3993808049535603	0.3777089783281734
34	6	0.6052685846950677	0.6052685846950677	0.3653250773993808	0.42391304347826086	0.8737201365187713	0.7302631578947368	0.5882352941176471	0.6501547987616099
35	6	0.5100863975325919	0.5100863975325919	0.23529411764705888	0.40217391304347827	0.7610921501706485	0.9375	0.0	0.7244582043343653
36	6	0.9135259035823543	0.9135259035823543	0.9876160990712074	0.7282608695652174	0.9249146757679181	0.9703947368421053	0.9195046439628483	0.9504643962848297
37	6	0.6382395392090758	0.6382395392090758	0.5758513931888545	0.4746376811594203	0.6075085324232081	0.756578947368421	0.7120743034055728	0.7027863777089783
38	6	0.7067651475556262	0.7067651475556262	0.5386996904024768	0.4601449275362319	0.7986348122866894	0.7960526315789473	0.8390092879256966	0.8080495356037152
39	6	0.7811974388386522	0.7811974388386522	0.8978328173374613	0.8007246376811594	0.41296928327645055	0.7861842105263158	0.9102167182662538	0.8792569659442724
40	6	0.7205725227769925	0.7205725227769925	0.7244582043343653	0.605072463768116	0.5802047781569966	0.9276315789473684	0.6749226006191951	0.8111455108359134
41	6	0.4412701395228132	0.4412701395228132	0.2786377708978328	0.32971014492753625	0.764505119453925	0.35526315789473684	0.3653250773993808	0.5541795665634675
42	6	0.6058600086251987	0.6058600086251987	0.7058823529411764	0.5181159420289855	0.4539249146757679	0.5361842105263157	0.46749226006191946	0.9535603715170279
43	6	0.6393961192500993	0.6393961192500993	0.4613003095975232	0.8260869565217391	0.658703071672355	0.6611842105263157	0.7770897832817337	0.4520123839009288
44	6	0.24990585251160105	0.24990585251160105	0.06501547987616096	0.2572463768115942	0.32423208191126285	0.07894736842105265	0.4736842105263158	0.30030959752321984
45	6	0.5243283075993888	0.5243283075993888	0.8544891640866873	0.2391304347826087	0.33447098976109213	0.5197368421052632	0.7894736842105263	0.40866873065015474
46	6	0.4318065271474267	0.4318065271474267	0.1331269349845201	0.6231884057971014	0.5017064846416383	0.3421052631578947	0.1578947368421053	0.8328173374613004
47	6	0.3567667532632139	0.3567667532632139	0.05882352941176472	0.2463768115942029	0.6382252559726962	0.08881578947368418	0.6037151702786377	0.5046439628482973
48	6	0.36461326049412385	0.36461326049412385	0.7461300309597523	0.19202898550724637	0.4573378839590444	0.4144736842105263	0.29721362229102166	0.08049535603715174
49	6	0.6113191177197991	0.6113191177197991	0.8452012383900929	0.6304347826086957	0.2764505119453925	0.305921052631579	0.6811145510835913	0.9287925696594427
50	6	0.5702664531525415	0.5702664531525415	0.5170278637770898	0.6920289855072463	0.4300341296928327	0.14473684210526316	0.7956656346749226	0.8421052631578947
51	6	0.5148857436162324	0.5148857436162324	0.6037151702786377	0.3079710144927536	0.8020477815699658	0.2796052631578947	0.5603715170278638	0.5356037151702786
52	6	0.5056744567189033	0.5056744567189033	0.16408668730650156	0.6521739130434783	0.6177474402730375	0.6217105263157895	0.5294117647058824	0.4489164086687306
53	6	0.5224630722986862	0.5224630722986862	0.47058823529411764	0.31521739130434784	0.9010238907849829	0.3519736842105263	0.6346749226006192	0.4613003095975232
54	6	0.6914467545960181	0.6914467545960181	0.7492260061919505	0.427536231884058	0.9351535836177475	0.4671052631578947	0.8513931888544892	0.7182662538699691
55	6	0.496686215781679	0.496686215781679	0.3746130030959752	0.21739130434782608	0.9078498293515358	0.5855263157894737	0.4179566563467493	0.4767801857585139
56	6	0.8217261188754236	0.8217261188754236	0.9071207430340558	0.5507246376811594	0.8873720136518771	0.7894736842105263	0.8699690402476781	0.9256965944272446
57	6	0.6346933405420129	0.6346933405420129	0.7894736842105263	0.3333333333333333	0.49146757679180886	0.6644736842105263	0.7244582043343653	0.804953560371517
58	6	0.34708866901701674	0.34708866901701674	0.2321981424148607	0.5108695652173914	0.4778156996587031	0.016447368421052655	0.43034055727554177	0.4148606811145511
59	6	0.8159512280660918	0.8159512280660918	0.848297213622291	0.7681159420289855	0.552901023890785	0.9802631578947368	0.8730650154798761	0.8730650154798761
60	6	0.843380441597215	0.843380441597215	0.9256965944272446	0.6413043478260869	0.8464163822525597	0.8388157894736842	0.9256965944272446	0.8823529411764706
61	6	0.7590171455880171	0.7590171455880171	0.8792569659442724	0.782608695652174	0.15017064846416384	0.930921052631579	0.9504643962848297	0.8606811145510835
62	6	0.6747261909647712	0.6747261909647712	0.7801857585139319	0.5289855072463768	0.7064846416382253	0.7664473684210527	0.5015479876160991	0.7647058823529411
63	6	0.8888998956267735	0.8888998956267735	0.891640866873065	0.8333333333333334	0.9590443686006827	0.9342105263157895	0.8637770897832817	0.8513931888544892
64	6	0.888307924550107	0.888307924550107	0.9597523219814241	0.8985507246376812	0.7269624573378839	0.868421052631579	0.9380804953560371	0.9380804953560371
65	6	0.7249349683641468	0.7249349683641468	0.6284829721362228	0.6086956521739131	0.9146757679180887	0.625	0.6780185758513932	0.8947368421052632
66	6	0.59575458698304	0.59575458698304	0.5572755417956656	0.4927536231884058	0.447098976109215	0.4736842105263158	0.848297213622291	0.7554179566563468
67	6	0.7050515579849245	0.7050515579849245	0.8359133126934984	0.4311594202898551	0.6791808873720137	0.618421052631579	0.9071207430340558	0.7585139318885449
68	6	0.8718302987661275	0.8718302987661275	0.9721362229102167	0.7065217391304348	0.7508532423208192	0.9407894736842105	0.8761609907120743	0.9845201238390093
69	6	0.6264759014588516	0.6264759014588516	0.6501547987616099	0.6485507246376812	0.4334470989761092	0.611842105263158	0.653250773993808	0.7616099071207431
70	5	0.5491785196153213	0.5491785196153213	0.5913312693498451	0.7246376811594203		0.9078947368421053	0.5139318885448916	0.5572755417956656
71	6	0.709974415619425	0.709974415619425	0.9318885448916409	0.6340579710144928	0.4709897610921502	0.368421052631579	0.913312693498452	0.9411764705882353
72	6	0.6620734496655559	0.6620734496655559	0.7151702786377709	0.4891304347826087	0.870307167235495	0.9473684210526316	0.3746130030959752	0.5758513931888545
73	6	0.8459053745065216	0.8459053745065216	0.9535603715170279	0.5036231884057971	0.8668941979522184	0.8782894736842105	0.8854489164086687	0.9876160990712074
74	6	0.6416539983899152	0.6416539983899152	0.5108359133126935	0.9239130434782609	0.6450511945392492	0.9868421052631579	0.25077399380804954	0.5325077399380804
75	6	0.5804191543170429	0.5804191543170429	0.5294117647058824	0.7463768115942029	0.9965870307167235	0.15131578947368418	0.4984520123839009	0.5603715170278638
76	6	0.6389966783515472	0.6389966783515472	0.6068111455108359	0.7572463768115942	0.6928327645051194	0.8947368421052632	0.45510835913312697	0.4272445820433437
77	6	0.4252208560978195	0.4252208560978195	0.14241486068111453	0.644927536231884	0.6484641638225256	0.6480263157894737	0.2941176470588235	0.17337461300309598
78	6	0.5045330691665195	0.5045330691665195	0.43343653250773995	0.7101449275362319	0.9761092150170648	0.2171052631578947	0.37151702786377705	0.3188854489164087
79	6	0.2751877408114731	0.2751877408114731	0.27554179566563464	0.09420289855072464	0.49829351535836175	0.20723684210526316	0.32507739938080493	0.25077399380804954
80	6	0.4274961737388754	0.4274961737388754	0.5077399380804953	0.38405797101449274	0.4812286689419796	0.5263157894736843	0.22600619195046434	0.4396284829721362
81	6	0.33866165366863443	0.33866165366863443	0.006191950464396245	0.677536231884058	0.4744027303754266	0.4342105263157895	0.3622291021671826	0.07739938080495357
82	6	0.46903928099930003	0.46903928099930003	0.4024767801857585	0.1956521739130435	0.5392491467576792	0.45394736842105265	0.6718266253869969	0.5510835913312693
83	6	0.23286404048580642	0.23286404048580642	0.049535603715170295	0.021739130434782608	0.8839590443686007	0.19736842105263153	0.037151702786377694	0.2074303405572755
84	6	0.717879998724367	0.717879998724367	0.9659442724458205	0.06521739130434782	0.962457337883959	0.4901315789473685	0.8668730650154799	0.956656346749226
85	6	0.18837913367771852	0.18837913367771852	0.23839009287925694	0.025362318840579712	0.1774744027303754	0.1875	0.30959752321981426	0.19195046439628483
86	6	0.49718728715521215	0.49718728715521215	0.7925696594427245	0.19927536231884058	0.3686006825938567	0.4276315789473685	0.45820433436532504	0.736842105263158
87	6	0.643265673543702	0.643265673543702	0.9009287925696594	0.10144927536231885	0.6689419795221843	0.4638157894736842	0.8142414860681114	0.9102167182662538
88	6	0.3113847670091172	0.3113847670091172	0.3808049535603715	0.23550724637681159	0.08191126279863481	0.575657894736842	0.22910216718266252	0.3653250773993808
89	6	0.29332007490400974	0.29332007490400974	0.38390092879256965	0.05434782608695652	0.23208191126279865	0.3125	0.44582043343653255	0.3312693498452013
90	6	0.6670954796035767	0.6670954796035767	0.8142414860681114	0.7717391304347826	0.40614334470989766	0.8092105263157895	0.6377708978328174	0.563467492260062
91	6	0.8364330125721066	0.8364330125721066	0.9411764705882353	0.8369565217391305	0.9931740614334471	0.256578947368421	0.9907120743034056	1.0
92	6	0.4315885474771077	0.4315885474771077	0.5727554179566563	0.5615942028985508	0.1945392491467577	0.430921052631579	0.34984520123839014	0.47987616099071206
93	6	0.7215362950786851	0.7215362950786851	0.8018575851393188	0.7210144927536232	0.856655290102389	0.5657894736842105	0.6439628482972136	0.739938080495356
94	6	0.6470694203061896	0.6470694203061896	0.5975232198142415	0.7644927536231884	0.78839590443686	0.7598684210526316	0.47058823529411764	0.5015479876160991
95	6	0.5281988062391983	0.5281988062391983	0.26315789473684215	0.9528985507246377	0.9829351535836177	0.17763157894736847	0.4860681114551083	0.3065015479876161
96	6	0.8021840768885661	0.8021840768885661	0.739938080495356	0.8442028985507246	0.6860068259385665	0.9671052631578947	0.7987616099071208	0.7770897832817337
97	6	0.7187432619621993	0.7187432619621993	0.49535603715170273	0.8043478260869565	0.689419795221843	0.8651315789473684	0.826625386996904	0.631578947368421
98	6	0.8237138878820116	0.8237138878820116	0.9814241486068112	0.6594202898550725	0.6996587030716723	0.7039473684210527	0.9164086687306502	0.9814241486068112
99	6	0.8506293196501141	0.8506293196501141	0.9226006191950464	0.9202898550724637	0.9692832764505119	0.48355263157894735	0.8947368421052632	0.913312693498452
100	6	0.7188860767790218	0.7188860767790218	0.6687306501547987	0.6739130434782609	0.4675767918088737	0.9736842105263158	0.7585139318885449	0.7708978328173375
101	6	0.7766861151577622	0.7766861151577622	0.7337461300309598	0.9492753623188406	0.48464163822525597	0.8980263157894737	0.8080495356037152	0.7863777089783281
102	6	0.7492083491511323	0.7492083491511323	0.8513931888544892	0.6884057971014492	0.7474402730375427	0.5888157894736843	0.7430340557275541	0.8761609907120743
103	6	0.83498247925131	0.83498247925131	0.9102167182662538	0.8188405797101449	0.6757679180887373	0.7072368421052632	0.978328173374613	0.9195046439628483
104	6	0.8453842533230649	0.8453842533230649	0.8421052631578947	0.894927536231884	0.5972696245733788	0.9144736842105263	0.9226006191950464	0.9009287925696594
105	6	0.6822059744266964	0.6822059744266964	0.8204334365325078	0.7608695652173914	0.5597269624573379	0.555921052631579	0.7554179566563468	0.6408668730650156
106	6	0.7967827069076577	0.7967827069076577	0.8885448916408669	0.42028985507246375	0.7303754266211604	0.9210526315789473	0.934984520123839	0.8854489164086687
107	6	0.41448661952030985	0.41448661952030985	0.15170278637770895	0.6195652173913043	0.061433447098976135	0.9638157894736842	0.16099071207430338	0.5294117647058824
108	6	0.7043550994669651	0.7043550994669651	0.5510835913312693	0.822463768115942	0.9419795221843004	0.9013157894736842	0.4891640866873065	0.5201238390092879
109	6	0.5610192444102234	0.5610192444102234	0.6439628482972136	0.5434782608695652	0.7133105802047781	0.805921052631579	0.18885448916408665	0.47058823529411764
110	6	0.6438813043212822	0.6438813043212822	0.5356037151702786	0.5471014492753623	0.5938566552901023	0.8585526315789473	0.6996904024767802	0.6284829721362228
111	6	0.7384838830474695	0.7384838830474695	0.7770897832817337	0.6376811594202898	0.515358361774744	0.881578947368421	0.7739938080495357	0.8452012383900929
112	6	0.9271703312276455	0.9271703312276455	0.8637770897832817	0.9818840579710145	0.9215017064846416	0.9506578947368421	0.9473684210526316	0.8978328173374613
113	6	0.8229670551936668	0.8229670551936668	0.8575851393188855	0.8840579710144928	0.7098976109215017	0.7927631578947368	0.804953560371517	0.8885448916408669
114	6	0.7135003953875477	0.7135003953875477	0.736842105263158	0.6992753623188406	0.8361774744027304	0.674342105263158	0.6284829721362228	0.7058823529411764
115	6	0.575511745995066	0.575511745995066	0.4489164086687306	0.5362318840579711	0.5733788395904437	0.944078947368421	0.563467492260062	0.38699690402476783
116	6	0.8798659129201517	0.8798659129201517	0.6594427244582044	0.9601449275362319	0.8976109215017065	0.8486842105263158	0.9969040247678018	0.9164086687306502
117	6	0.6795257300651195	0.6795257300651195	0.6656346749226006	0.8297101449275363	0.7849829351535836	0.5986842105263157	0.5820433436532508	0.6160990712074303
118	6	0.47918721736292297	0.47918721736292297	0.2941176470588235	0.6557971014492754	0.5426621160409557	0.6085526315789473	0.1826625386996904	0.5913312693498451
119	6	0.5280579471123246	0.5280579471123246	0.17647058823529416	0.8079710144927537	0.9488054607508533	0.4703947368421053	0.40866873065015474	0.3560371517027864
120	6	0.825641593598517	0.825641593598517	0.7956656346749226	0.9420289855072463	0.8293515358361775	0.8914473684210527	0.7801857585139319	0.7151702786377709
121	6	0.3853056118717692	0.3853056118717692	0.34674922600619196	0.15942028985507245	0.39931740614334466	0.48684210526315785	0.4520123839009288	0.46749226006191946
122	6	0.3933532090134732	0.3933532090134732	0.09597523219814241	0.44565217391304346	0.6040955631399317	0.5921052631578947	0.27244582043343657	0.34984520123839014
123	6	0.779931802762524	0.779931802762524	0.7430340557275541	0.7355072463768116	0.8771331058020477	0.506578947368421	0.9814241486068112	0.8359133126934984
124	6	0.6531479232065832	0.6531479232065832	0.6718266253869969	0.8586956521739131	0.6313993174061434	0.02631578947368418	0.8823529411764706	0.848297213622291
125	6	0.2750212742696337	0.2750212742696337	0.22600619195046434	0.11231884057971014	0.39249146757679176	0.049342105263157854	0.6068111455108359	0.26315789473684215
126	6	0.6154785304676459	0.6154785304676459	0.6934984520123839	0.9565217391304348	0.6655290102389079	0.09868421052631582	0.78328173374613	0.49535603715170273
127	6	0.22099795393356692	0.22099795393356692	0.3560371517027864	0.14130434782608695	0.14675767918088733	0.013157894736842146	0.4024767801857585	0.2662538699690402
128	6	0.22624550714530625	0.22624550714530625	0.0619195046439629	0.18478260869565216	0.1843003412969283	0.381578947368421	0.32198142414860687	0.22291021671826627
129	6	0.30252774552963096	0.30252774552963096	0.24148606811145512	0.5072463768115942	0.4402730375426621	0.22368421052631582	0.281733746130031	0.1207430340557275
130	6	0.587042742781073	0.587042742781073	0.5046439628482973	0.9347826086956522	0.9522184300341296	0.0625	0.6222910216718267	0.44582043343653255
131	6	0.6181928478612829	0.6181928478612829	0.7275541795665634	0.9963768115942029	0.5221843003412969	0.08223684210526316	0.7058823529411764	0.6749226006191951
132	6	0.3309615823117932	0.3309615823117932	0.5201238390092879	0.043478260869565216	0.22866894197952214	0.13157894736842102	0.5758513931888545	0.4860681114551083
133	6	0.3536314648346146	0.3536314648346146	0.19814241486068107	0.2898550724637681	0.6279863481228669	0.20394736842105265	0.38390092879256965	0.4179566563467493
134	6	0.3753863333093929	0.3753863333093929	0.368421052631579	0.34057971014492755	0.41638225255972694	0.1578947368421053	0.5696594427244582	0.3993808049535603
135	6	0.7019230363073552	0.7019230363073552	0.8606811145510835	0.35507246376811596	0.89419795221843	0.569078947368421	0.7863777089783281	0.7461300309597523
136	6	0.4910227035886636	0.4910227035886636	0.3312693498452013	0.20652173913043478	0.6006825938566553	0.8355263157894737	0.6130030959752322	0.35913312693498456
137	6	0.31031519283830294	0.31031519283830294	0.34984520123839014	0.2644927536231884	0.31740614334470985	0.444078947368421	0.34674922600619196	0.13931888544891646
138	6	0.652864973474336	0.652864973474336	0.7616099071207431	0.532608695652174	0.7781569965870307	0.3092105263157895	0.7925696594427245	0.7430340557275541
139	6	0.8240367601691921	0.8240367601691921	0.7863777089783281	0.8913043478260869	0.863481228668942	0.7993421052631579	0.8297213622291022	0.7739938080495357
140	6	0.4841474548363874	0.4841474548363874	0.4396284829721362	0.45652173913043476	0.42320819112627983	0.48026315789473684	0.5386996904024768	0.56656346749226
141	6	0.47901885893831087	0.47901885893831087	0.3993808049535603	0.38768115942028986	0.6143344709897611	0.4046052631578947	0.44272445820433437	0.6253869969040248
142	6	0.69775481976438	0.69775481976438	0.8173374613003096	0.358695652173913	0.6109215017064846	0.8453947368421053	0.739938080495356	0.8142414860681114
143	6	0.9685096224156754	0.9685096224156754	0.9752321981424149	0.9782608695652174	0.9726962457337884	0.9901315789473685	0.9040247678018576	0.9907120743034056
144	6	0.5951694289176062	0.5951694289176062	0.6377708978328174	0.5	0.3583617747440273	0.6414473684210527	0.7461300309597523	0.6873065015479876
145	6	0.48267997911514554	0.48267997911514554	0.6780185758513932	0.33695652173913043	0.174061433447099	0.493421052631579	0.5448916408668731	0.6687306501547987
146	6	0.8398044385981757	0.8398044385981757	0.9442724458204335	0.9456521739130435	0.29692832764505117	0.9572368421052632	0.9597523219814241	0.934984520123839
147	6	0.5106312932698794	0.5106312932698794	0.4860681114551083	0.2608695652173913	0.3822525597269625	0.6776315789473684	0.4272445820433437	0.8297213622291022
148	6	0.6302274475705366	0.6302274475705366	0.7678018575851393	0.6268115942028986	0.6723549488054608	0.6710526315789473	0.4241486068111455	0.6191950464396285
149	6	0.5733543472058812	0.5733543472058812	0.6006191950464397	0.3804347826086957	0.22184300341296925	0.7697368421052632	0.8328173374613004	0.6346749226006192
150	6	0.8146015563438039	0.8146015563438039	0.9195046439628483	0.9927536231884058	0.12627986348122866	0.9605263157894737	0.9287925696594427	0.9597523219814241
151	6	0.5967730420346874	0.5967730420346874	0.541795665634675	0.322463768115942	0.4505119453924915	0.7828947368421053	0.7151702786377709	0.7678018575851393
152	6	0.5990400456006918	0.5990400456006918	0.7739938080495357	0.36231884057971014	0.21160409556313997	0.9769736842105263	0.5356037151702786	0.7337461300309598
153	6	0.777748541329669	0.777748541329669	0.956656346749226	0.7391304347826086	0.7679180887372014	0.7631578947368421	0.5325077399380804	0.9071207430340558
154	6	0.7748064051991518	0.7748064051991518	0.826625386996904	0.9855072463768116	0.5085324232081911	0.736842105263158	0.736842105263158	0.8544891640866873
155	6	0.2854521364378128	0.2854521364378128	0.27244582043343657	0.2028985507246377	0.15358361774744023	0.4769736842105263	0.2693498452012384	0.33746130030959753
156	3	0.2739938080495356	0.2739938080495356	0.4643962848297214				0.6965944272445821	0.48297213622291024
157	3	0.30495356037151705	0.30495356037151705	0.5820433436532508				0.6687306501547987	0.5789473684210527
158	5	0.5009645204408331	0.5009645204408331	0.7987616099071208		0.33105802047781574	0.3651315789473685	0.6470588235294117	0.8637770897832817
159	5	0.2991382604775339	0.2991382604775339	0.48297213622291024		0.07849829351535831	0.3355263157894737	0.31269349845201233	0.5851393188854489
160	5	0.3964280273812417	0.3964280273812417	0.5139318885448916		0.30716723549488056	0.3717105263157895	0.6408668730650156	0.5448916408668731
161	5	0.3995069421697186	0.3995069421697186	0.5696594427244582		0.1706484641638225	0.26973684210526316	0.7213622291021672	0.6656346749226006
162	2	0.0632540716124783	0.0632540716124783			0.03412969283276446	0.3453947368421053		
163	5	0.3344863991941307	0.3344863991941307	0.42105263157894735		0.5494880546075085	0.3026315789473685	0.42105263157894735	0.31269349845201233
164	5	0.20996089966433854	0.20996089966433854	0.49226006191950467		0.023890784982935176	0.2203947368421053	0.24148606811145512	0.281733746130031
165	4	0.0654347265221878	0.0654347265221878	0.26006191950464397			0.042763157894736836	0.015479876160990669	0.07430340557275539
166	4	0.16137770897832818	0.16137770897832818	0.4148606811145511			0.09210526315789469	0.3065015479876161	0.15479876160990713
167	3	0.4484004127966976	0.4484004127966976	0.8823529411764706				0.8452012383900929	0.9628482972136223
168	3	0.38390092879256965	0.38390092879256965	0.804953560371517				0.7182662538699691	0.7801857585139319
169	3	0.10577915376676987	0.10577915376676987	0.22910216718266252				0.1455108359133127	0.26006191950464397
170	5	0.1461632052677367	0.1461632052677367	0.2074303405572755		0.2525597269624573	0.14144736842105265	0.08049535603715174	0.195046439628483
171	5	0.27749152921452397	0.27749152921452397	0.35913312693498456		0.5051194539249146	0.08552631578947367	0.3436532507739938	0.37151702786377705
172	5	0.2537507660689568	0.2537507660689568	0.18575851393188858		0.7235494880546075	0.16118421052631582	0.21362229102167185	0.23839009287925694
173	5	0.6590491235114487	0.6590491235114487	0.9690402476780186		0.6245733788395904	0.39473684210526316	0.9876160990712074	0.978328173374613
174	5	0.7857004643962848	0.7857004643962848	0.9628482972136223		1.0	0.7730263157894737	0.9845201238390093	0.9938080495356038
175	5	0.33841448381040934	0.33841448381040934	0.4984520123839009		0.8532423208191127	0.11842105263157898	0.21671826625386992	0.3436532507739938
176	5	0.5545563272012596	0.5545563272012596	0.8111455108359134		0.9180887372013652	0.32565789473684215	0.6253869969040248	0.6470588235294117
177	5	0.2748495819200682	0.2748495819200682	0.3405572755417957		0.8156996587030717	0.009868421052631526	0.19814241486068107	0.28482972136222906
178	5	0.36105853559314866	0.36105853559314866	0.3529411764705882		0.9556313993174061	0.21381578947368418	0.3188854489164087	0.32507739938080493
179	4	0.4367582559339525	0.4367582559339525	0.6625386996904025			0.3388157894736842	0.8018575851393188	0.8173374613003096
180	6	0.32913445903740085	0.32913445903740085	0.1826625386996904	0.30434782608695654	0.20819112627986347	0.4375	0.5541795665634675	0.28792569659442724
181	6	0.11937629391382139	0.11937629391382139	0.17337461300309598	0.07608695652173914	0.07167235494880542	0.29605263157894735	0.006191950464396245	0.09287925696594423
182	6	0.7141403223426238	0.7141403223426238	0.8947368421052632	0.21014492753623187	0.39590443686006827	0.8552631578947368	0.9535603715170279	0.9752321981424149
183	6	0.5760122287473993	0.5760122287473993	0.6222910216718267	0.855072463768116	0.2832764505119454	0.5592105263157895	0.609907120743034	0.5263157894736843
184	6	0.5113345057774336	0.5113345057774336	0.4179566563467493	0.8623188405797102	0.16040955631399323	0.8223684210526316	0.368421052631579	0.4365325077399381
185	6	0.3871376706312362	0.3871376706312362	0.3188854489164087	0.5217391304347826	0.19795221843003408	0.7796052631578947	0.2321981424148607	0.27244582043343657
186	6	0.6702068674591722	0.6702068674591722	0.934984520123839	0.6811594202898551	0.49488054607508536	0.26315789473684215	0.9628482972136223	0.6842105263157895
187	6	0.8429340386170218	0.8429340386170218	0.9040247678018576	0.9057971014492754	0.6552901023890785	0.6513157894736843	0.9721362229102167	0.9690402476780186
188	6	0.4186101646592674	0.4186101646592674	0.281733746130031	0.6630434782608695	0.20136518771331058	0.6875	0.06811145510835914	0.609907120743034
189	6	0.4464095012866845	0.4464095012866845	0.4520123839009288	0.6123188405797102	0.30375426621160406	0.6973684210526316	0.08978328173374617	0.5232198142414861
190	6	0.77729685830565	0.77729685830565	0.8390092879256966	0.41304347826086957	0.8225255972696246	0.7532894736842105	0.9318885448916409	0.9040247678018576
191	6	0.7693001234592289	0.7693001234592289	0.913312693498452	0.6847826086956522	0.41979522184300344	0.9539473684210527	0.8204334365325078	0.8235294117647058
192	6	0.6851335609258737	0.6851335609258737	0.6996904024767802	0.4782608695652174	0.4436860068259386	0.8421052631578947	0.8544891640866873	0.7925696594427245
193	6	0.49762805117621384	0.49762805117621384	0.3281733746130031	0.40942028985507245	0.3720136518771331	0.631578947368421	0.7275541795665634	0.5170278637770898
194	6	0.9164079205915098	0.9164079205915098	1.0	0.6159420289855072	0.9453924914675768	0.9835526315789473	0.956656346749226	0.9969040247678018
195	6	0.4537114318161875	0.4537114318161875	0.4891640866873065	0.391304347826087	0.10921501706484638	0.7171052631578947	0.5046439628482973	0.5108359133126935
196	6	0.4624679043523283	0.4624679043523283	0.2662538699690402	0.25	0.3754266211604096	0.8026315789473684	0.5727554179566563	0.5077399380804953
197	6	0.6021835045381961	0.6021835045381961	0.5541795665634675	0.5942028985507246	0.7201365187713311	0.5	0.5170278637770898	0.7275541795665634
198	6	0.6350625591715848	0.6350625591715848	0.9164086687306502	0.463768115942029	0.48805460750853247	0.5427631578947368	0.6904024767801857	0.7089783281733746
199	6	0.5146885379672861	0.5146885379672861	0.563467492260062	0.3115942028985507	0.2627986348122867	0.7335526315789473	0.49535603715170273	0.7213622291021672
200	6	0.3783814804418499	0.3783814804418499	0.4117647058823529	0.2717391304347826	0.2593856655290102	0.513157894736842	0.3900928792569659	0.4241486068111455
201	6	0.4368225703771458	0.4368225703771458	0.32507739938080493	0.7536231884057971	0.32764505119453924	0.700657894736842	0.10216718266253866	0.4117647058823529
202	6	0.7131518678300196	0.7131518678300196	0.8235294117647058	0.9891304347826086	0.40955631399317405	0.3848684210526315	0.8885448916408669	0.78328173374613
203	6	0.2918032491175595	0.2918032491175595	0.018575851393188847	0.4420289855072464	0.020477815699658675	0.6907894736842105	0.23839009287925694	0.3405572755417957
204	6	0.41340145247082566	0.41340145247082566	0.6130030959752322	0.2318840579710145	0.3549488054607508	0.3486842105263158	0.541795665634675	0.3900928792569659
205	6	0.7772147033760071	0.7772147033760071	0.78328173374613	0.9311594202898551	0.8430034129692833	0.9046052631578947	0.4117647058823529	0.7894736842105263
206	6	0.47164239524635515	0.47164239524635515	0.44582043343653255	0.48188405797101447	0.40273037542662116	0.5953947368421053	0.4489164086687306	0.45510835913312697
207	6	0.28299659861809995	0.28299659861809995	0.2198142414860681	0.2210144927536232	0.08532423208191131	0.6578947368421053	0.2445820433436533	0.2693498452012384
208	6	0.2509422373797445	0.2509422373797445	0.40866873065015474	0.27898550724637683	0.2696245733788396	0.3223684210526315	0.17337461300309598	0.052631578947368474
209	6	0.6458689536894151	0.6458689536894151	0.6470588235294117	0.927536231884058	0.9283276450511946	0.6447368421052632	0.3808049535603715	0.34674922600619196
210	6	0.2594025122186914	0.2594025122186914	0.3777089783281734	0.3188405797101449	0.10580204778156999	0.3980263157894737	0.13003095975232193	0.22600619195046434
211	6	0.1265222988469839	0.1265222988469839	0.08668730650154799	0.09782608695652174	0.0034129692832765013	0.23684210526315785	0.05882352941176472	0.27554179566563464
212	6	0.4609538398214257	0.4609538398214257	0.7554179566563468	0.36594202898550726	0.7918088737201365	0.2828947368421053	0.5510835913312693	0.018575851393188847
213	6	0.23054642506768538	0.23054642506768538	0.30959752321981426	0.18840579710144928	0.1877133105802048	0.06907894736842102	0.4396284829721362	0.18885448916408665
214	6	0.21225565297124752	0.21225565297124752	0.29721362229102166	0.17753623188405798	0.5460750853242321	0.13815789473684215	0.10835913312693501	0.006191950464396245
215	5	0.15133261542603313	0.15133261542603313	0.30030959752321984	0.2826086956521739		0.10526315789473684	0.08668730650154799	0.1331269349845201
216	5	0.21148212336040442	0.21148212336040442	0.7523219814241486	0.12318840579710146		0.26644736842105265	0.09287925696594423	0.034055727554179516
217	5	0.07503813882532417	0.07503813882532417	0.0	0.17391304347826086		0.06578947368421051	0.03095975232198145	0.17956656346749222
218	4	0.14094539417597704	0.14094539417597704	0.13622291021671828	0.15217391304347827			0.3157894736842105	0.24148606811145512
219	4	0.11362939531266358	0.11362939531266358	0.3931888544891641	0.04710144927536232			0.12693498452012386	0.11455108359133126
220	3	0.042311661506707954	0.042311661506707954	0.08978328173374617				0.1486068111455109	0.015479876160990669
221	3	0.06037151702786379	0.06037151702786379	0.03095975232198145				0.009287925696594423	0.32198142414860687
222	3	0.015479876160990705	0.015479876160990705	0.009287925696594423				0.04334365325077394	0.04024767801857587
223	4	0.1600232198142415	0.1600232198142415	0.21362229102167185			0.05921052631578949	0.5108359133126935	0.17647058823529416
224	3	0.1687405737658684	0.1687405737658684		0.12681159420289856	0.5665529010238908	0.319078947368421		
225	5	0.21155228413611185	0.21155228413611185	0.38699690402476783	0.014492753623188406	0.010238907849829393		0.48297213622291024	0.3746130030959752
226	6	0.15991640022066053	0.15991640022066053	0.12383900928792568	0.03985507246376811	0.31399317406143346	0.4013157894736842	0.012383900928792602	0.06811145510835914
227	6	0.1490106228356287	0.1490106228356287	0.1702786377708978	0.2246376811594203	0.0887372013651877	0.24013157894736847	0.04643962848297212	0.12383900928792568
228	6	0.13669843638728263	0.13669843638728263	0.2910216718266254	0.0036231884057971015	0.03754266211604096	0.24342105263157898	0.15479876160990713	0.08978328173374617
229	6	0.2910972003810258	0.2910972003810258	0.24767801857585137	0.11594202898550725	0.7815699658703071	0.2763157894736842	0.02786377708978327	0.29721362229102166
230	6	0.17446970844918805	0.17446970844918805	0.19195046439628483	0.2536231884057971	0.0921501706484642	0.1282894736842105	0.23529411764705888	0.1455108359133127
231	6	0.4817756607450034	0.4817756607450034	0.6563467492260062	0.34782608695652173	0.2798634812286689	0.6282894736842105	0.5851393188854489	0.3931888544891641
232	6	0.5642133486986118	0.5642133486986118	0.7647058823529411	0.7427536231884058	0.8907849829351536	0.7269736842105263	0.16408668730650156	0.09597523219814241
233	6	0.3234521652020878	0.3234521652020878	0.31269349845201233	0.286231884057971	0.15699658703071673	0.6151315789473684	0.3560371517027864	0.21362229102167185
234	6	0.32494446989074627	0.32494446989074627	0.4365325077399381	0.3442028985507246	0.23549488054607504	0.6052631578947368	0.09907120743034059	0.22910216718266252
235	6	0.4323018287570571	0.4323018287570571	0.3900928792569659	0.29347826086956524	0.38566552901023887	0.9177631578947368	0.18575851393188858	0.42105263157894735
236	6	0.6699887920780889	0.6699887920780889	0.6749226006191951	0.5869565217391305	0.8054607508532423	0.8256578947368421	0.6934984520123839	0.43343653250773995
237	6	0.4011005710589128	0.4011005710589128	0.3622291021671826	0.4166666666666667	0.32081911262798635	0.638157894736842	0.3529411764705882	0.3157894736842105
238	6	0.3439906998105642	0.3439906998105642	0.5015479876160991	0.37318840579710144	0.1808873720136519	0.6677631578947368	0.10526315789473684	0.23529411764705888
239	6	0.721329113177749	0.721329113177749	0.6904024767801857	0.4673913043478261	0.7406143344709898	0.8289473684210527	0.9009287925696594	0.6996904024767802
240	6	0.561867994705842	0.561867994705842	0.7585139318885449	0.5797101449275363	0.3447098976109215	0.17434210526315785	0.8575851393188855	0.6563467492260062
241	6	0.663978395362331	0.663978395362331	0.7306501547987616	0.717391304347826	0.3003412969283277	0.7401315789473684	0.8235294117647058	0.6718266253869969
242	6	0.5031330599629724	0.5031330599629724	0.5789473684210527	0.35144927536231885	0.5767918088737201	0.5394736842105263	0.5077399380804953	0.4643962848297214
243	6	0.6343453282274321	0.6343453282274321	0.8297213622291022	0.3695652173913043	0.2559726962457338	0.9111842105263158	0.8421052631578947	0.5975232198142415
244	6	0.45144096352051855	0.45144096352051855	0.46749226006191946	0.47101449275362317	0.31058020477815695	0.549342105263158	0.5479876160990712	0.3622291021671826
245	6	0.5869181975539596	0.5869181975539596	0.7120743034055728	0.4855072463768116	0.273037542662116	0.8125	0.6501547987616099	0.5882352941176471
246	6	0.6572914288254176	0.6572914288254176	0.8080495356037152	0.5652173913043478	0.2901023890784983	0.8717105263157895	0.7306501547987616	0.6780185758513932
247	6	0.7439528184471956	0.7439528184471956	0.9907120743034056	0.5144927536231884	0.24914675767918093	0.743421052631579	1.0	0.9659442724458205
248	6	0.5269888594712283	0.5269888594712283	0.5479876160990712	0.39855072463768115	0.4607508532423208	0.7763157894736842	0.47987616099071206	0.4984520123839009
249	6	0.9669182379439021	0.9669182379439021	0.9380804953560371	0.9637681159420289	0.9863481228668942	1.0	0.9659442724458205	0.9473684210526316
250	6	0.8332792264431435	0.8332792264431435	0.9845201238390093	0.8115942028985508	0.8395904436860069	0.45065789473684215	0.9690402476780186	0.9442724458204335
251	6	0.8248905958967493	0.8248905958967493	0.8328173374613004	0.7934782608695652	0.9385665529010239	0.7467105263157895	0.8111455108359134	0.826625386996904
252	6	0.5644830408948359	0.5644830408948359	0.6408668730650156	0.5978260869565217	0.5290102389078498	0.6842105263157895	0.3312693498452013	0.6037151702786377
253	6	0.5969722958939878	0.5969722958939878	0.6346749226006192	0.9166666666666666	0.5699658703071673	0.4078947368421053	0.4148606811145511	0.6377708978328174
254	6	0.657705033321894	0.657705033321894	0.5448916408668731	0.8804347826086957	0.5563139931740615	0.5032894736842105	0.7492260061919505	0.7120743034055728
255	6	0.658001527722457	0.658001527722457	0.7027863777089783	0.5253623188405797	0.7713310580204779	0.8618421052631579	0.49226006191950467	0.5944272445820433
256	6	0.4900524468826953	0.4900524468826953	0.45820433436532504	0.5688405797101449	0.42662116040955633	0.694078947368421	0.38699690402476783	0.4055727554179567
257	6	0.40055155816358456	0.40055155816358456	0.16718266253869973	0.5760869565217391	0.9897610921501706	0.2894736842105263	0.07739938080495357	0.3034055727554179
258	6	0.3760365635282367	0.3760365635282367	0.3065015479876161	0.4492753623188406	0.5255972696245734	0.8881578947368421	0.04024767801857587	0.04643962848297212
259	6	0.30262463832178343	0.30262463832178343	0.21052631578947367	0.18115942028985507	0.013651877133105783	0.9243421052631579	0.28482972136222906	0.20123839009287925
260	6	0.3264876958963257	0.3264876958963257	0.2538699690402477	0.9094202898550725	0.21843003412969286	0.23355263157894735	0.20123839009287925	0.14241486068111453
261	6	0.4339821365046827	0.4339821365046827	0.33436532507739936	0.75	0.8498293515358362	0.33223684210526316	0.2074303405572755	0.13003095975232193
262	6	0.26942080675700636	0.26942080675700636	0.21671826625386992	0.15579710144927536	0.07508532423208192	0.29276315789473684	0.6191950464396285	0.2569659442724458
263	2	0.31737935071144746	0.31737935071144746		0.9384057971014492	0.9658703071672355			
264	5	0.15577032636298635	0.15577032636298635	0.2569659442724458		0.06484641638225253	0.10197368421052633	0.2569659442724458	0.2538699690402477
265	6	0.32830430215291023	0.32830430215291023	0.653250773993808	0.11956521739130435	0.10238907849829348	0.13486842105263153	0.5913312693498451	0.368421052631579
266	6	0.4067187275159463	0.4067187275159463	0.20433436532507743	0.7789855072463768	0.3515358361774744	0.42434210526315785	0.4643962848297214	0.21671826625386992
267	6	0.5717599606064704	0.5717599606064704	0.6191950464396285	0.8514492753623188	0.378839590443686	0.5098684210526316	0.5232198142414861	0.5479876160990712
268	6	0.516048450741345	0.516048450741345	0.7182662538699691	0.32608695652173914	0.590443686006826	0.10855263157894735	0.7089783281733746	0.6439628482972136
269	6	0.22870302617783836	0.22870302617783836	0.13003095975232193	0.16666666666666666	0.3651877133105802	0.2861842105263158	0.09597523219814241	0.3281733746130031
270	6	0.565706395145693	0.565706395145693	0.6873065015479876	0.8659420289855072	0.931740614334471	0.03618421052631582	0.2910216718266254	0.5820433436532508
271	6	0.3541732021166831	0.3541732021166831	0.28792569659442724	0.572463768115942	0.6348122866894198	0.07565789473684215	0.27554179566563464	0.2786377708978328
272	6	0.4374023957578335	0.4374023957578335	0.39628482972136225	0.2753623188405797	0.651877133105802	0.16776315789473684	0.6594427244582044	0.4736842105263158
273	6	0.6853648268454452	0.6853648268454452	0.7213622291021672	0.6956521739130435	0.8805460750853242	0.375	0.6873065015479876	0.7523219814241486
274	6	0.7638071295637382	0.7638071295637382	0.9473684210526316	0.8695652173913043	0.7337883959044369	0.125	0.9752321981424149	0.9318885448916409
275	6	0.6390155030636888	0.6390155030636888	0.7708978328173375	0.6666666666666666	0.8088737201365188	0.4111842105263158	0.6842105263157895	0.49226006191950467
276	6	0.72356173105653	0.72356173105653	0.6842105263157895	0.7753623188405797	0.9044368600682594	0.7203947368421053	0.6563467492260062	0.6006191950464397
277	6	0.8048003433898038	0.8048003433898038	0.9969040247678018	0.8405797101449275	0.7440273037542662	0.5723684210526316	0.7027863777089783	0.9721362229102167
278	6	0.8026552561952557	0.8026552561952557	0.9504643962848297	0.8876811594202898	0.6962457337883958	0.41776315789473684	0.9411764705882353	0.9226006191950464
279	6	0.6336840880803448	0.6336840880803448	0.5944272445820433	0.6014492753623188	0.6416382252559727	0.7138157894736843	0.5975232198142415	0.653250773993808
280	6	0.7212757320941878	0.7212757320941878	0.8668730650154799	0.7971014492753623	0.8122866894197952	0.42105263157894735	0.7708978328173375	0.6594427244582044
281	6	0.8225070628801344	0.8225070628801344	0.978328173374613	0.8478260869565217	0.5119453924914676	0.8848684210526316	0.891640866873065	0.8204334365325078
282	6	0.6746985975514481	0.6746985975514481	0.631578947368421	0.7028985507246377	0.7030716723549488	0.6546052631578947	0.6656346749226006	0.6904024767801857
283	6	0.6905966563738035	0.6905966563738035	0.8730650154798761	0.7862318840579711	0.5870307167235496	0.5164473684210527	0.5789473684210527	0.8018575851393188
284	6	0.8475841365253052	0.8475841365253052	0.8699690402476781	0.9710144927536232	0.757679180887372	0.75	0.8792569659442724	0.8575851393188855
285	6	0.8755369230306286	0.8755369230306286	0.8761609907120743	0.967391304347826	0.9795221843003413	0.9967105263157895	0.7523219814241486	0.6811145510835913
286	6	0.6446725388283256	0.6446725388283256	0.7089783281733746	0.5543478260869565	0.5836177474402731	0.8322368421052632	0.6160990712074303	0.5727554179566563
287	6	0.8141163570053362	0.8141163570053362	0.8854489164086687	0.8768115942028986	0.3890784982935154	0.993421052631579	0.9442724458204335	0.7956656346749226
288	6	0.8827932952363655	0.8827932952363655	0.9938080495356038	0.9746376811594203	0.8327645051194539	0.6348684210526316	0.9938080495356038	0.8668730650154799
289	3	0.325639996823934	0.325639996823934		0.9021739130434783	0.5187713310580204	0.5328947368421053		
290	6	0.6053827995403637	0.6053827995403637	0.5851393188854489	0.6702898550724637	0.3617747440273038	0.36184210526315785	0.7616099071207431	0.891640866873065
291	6	0.5891549963979573	0.5891549963979573	0.5603715170278638	0.7137681159420289	0.06825938566552903	0.8519736842105263	0.7337461300309598	0.6068111455108359
292	6	0.5866985732536755	0.5866985732536755	0.6965944272445821	0.2427536231884058	0.4641638225255973	0.45723684210526316	0.8606811145510835	0.7987616099071208
293	6	0.2825354274669883	0.2825354274669883	0.07430340557275539	0.028985507246376812	0.11262798634812288	0.35855263157894735	0.631578947368421	0.4891640866873065
294	6	0.3704617847847245	0.3704617847847245	0.4767801857585139	0.39492753623188404	0.20477815699658708	0.32894736842105265	0.4365325077399381	0.3808049535603715
295	6	0.7028266448226628	0.7028266448226628	0.9287925696594427	0.8731884057971014	0.2866894197952219	0.39144736842105265	0.8978328173374613	0.8390092879256966
296	6	0.24079149669073016	0.24079149669073016	0.052631578947368474	0.4384057971014493	0.2662116040955631	0.05592105263157898	0.33746130030959753	0.2941176470588235
297	6	0.17222697872816783	0.17222697872816783	0.13931888544891646	0.16304347826086957	0.14334470989761094	0.20065789473684215	0.3777089783281734	0.009287925696594423
298	6	0.5090792554932747	0.5090792554932747	0.6253869969040248	0.37681159420289856	0.13993174061433444	0.5625	0.8359133126934984	0.5139318885448916
299	6	0.635667521389314	0.635667521389314	0.5882352941176471	0.5579710144927537	0.33788395904436863	0.819078947368421	0.8173374613003096	0.6934984520123839
300	6	0.28078651583875325	0.28078651583875325	0.4272445820433437	0.22826086956521738	0.12286689419795227	0.4605263157894737	0.2786377708978328	0.16718266253869973
301	6	0.30442661040251967	0.30442661040251967	0.5263157894736843	0.13043478260869565	0.05119453924914674	0.12171052631578949	0.56656346749226	0.43034055727554177
302	6	0.49845305403605145	0.49845305403605145	0.609907120743034	0.3007246376811594	0.2935153583617748	0.5822368421052632	0.6625386996904025	0.541795665634675
303	6	0.4098720031875002	0.4098720031875002	0.45510835913312697	0.2971014492753623	0.13310580204778155	0.4407894736842105	0.5944272445820433	0.5386996904024768
304	6	0.16984654993067225	0.16984654993067225	0.195046439628483	0.08333333333333333	0.04778156996587035	0.14802631578947367	0.35913312693498456	0.18575851393188858
305	6	0.12591113776209242	0.12591113776209242	0.08359133126934981	0.0	0.12969283276450516	0.11184210526315785	0.2662538699690402	0.16408668730650156
306	6	0.11996701436983546	0.11996701436983546	0.10216718266253866	0.018115942028985508	0.24232081911262804	0.07236842105263153	0.07430340557275539	0.21052631578947367
307	2	0.03925476019400037	0.03925476019400037			0.05460750853242324	0.18092105263157898		
308	4	0.07890686362563708	0.07890686362563708	0.015479876160990669		0.030716723549488067		0.3405572755417957	0.08668730650154799
309	4	0.06408915281578771	0.06408915281578771	0.1455108359133127		0.0068259385665528916		0.1702786377708978	0.0619195046439629
311	3	0.05727554179566563	0.05727554179566563	0.16099071207430338				0.07120743034055732	0.11145510835913308
312	3	0.15841073271413827	0.15841073271413827	0.07739938080495357				0.4767801857585139	0.39628482972136225
313	3	0.07223942208462332	0.07223942208462332	0.18885448916408665				0.0619195046439629	0.1826625386996904
314	4	0.021671826625387008	0.021671826625387008	0.05572755417956654			0.052631578947368474	0.018575851393188847	0.003095975232198178
316	3	0.07585139318885448	0.07585139318885448	0.11455108359133126				0.3034055727554179	0.037151702786377694
317	5	0.11166776970132065	0.11166776970132065	0.11764705882352944	0.057971014492753624		0.19407894736842102	0.13931888544891646	0.16099071207430338
318	6	0.10165074333063147	0.10165074333063147	0.037151702786377694	0.09057971014492754	0.09556313993174059	0.046052631578947345	0.19195046439628483	0.1486068111455109
319	3	0.09029927760577915	0.09029927760577915	0.3034055727554179				0.13622291021671828	0.10216718266253866
320	5	0.08174341004589368	0.08174341004589368	0.1578947368421053		0.11604095563139927	0.1546052631578947	0.034055727554179516	0.02786377708978327
321	5	0.0973138716596752	0.0973138716596752	0.2445820433436533		0.0989761092150171	0.03289473684210531	0.12383900928792568	0.08359133126934981
322	4	0.08739680082559341	0.08739680082559341	0.32198142414860687			0.019736842105263164	0.1331269349845201	0.049535603715170295
323	5	0.09311381055026646	0.09311381055026646	0.1486068111455109		0.16723549488054612	0.023026315789473673	0.1207430340557275	0.09907120743034059
324	5	0.12062019886093471	0.12062019886093471	0.06811145510835914		0.017064846416382284	0.17105263157894735	0.24767801857585137	0.2198142414860681
325	5	0.08585222529823855	0.08585222529823855	0.10835913312693501		0.027303754266211566	0.02960526315789469	0.15170278637770895	0.19814241486068107
326	4	0.06904669762641898	0.06904669762641898	0.1207430340557275			0.09539473684210531	0.14241486068111453	0.05572755417956654
327	4	0.0949109907120743	0.0949109907120743	0.11145510835913308			0.2598684210526315	0.16718266253869973	0.03095975232198145
328	4	0.12254901960784315	0.12254901960784315	0.09907120743034059			0.4473684210526315	0.17647058823529416	0.012383900928792602
329	3	0.0567595459236326	0.0567595459236326	0.10526315789473684				0.21052631578947367	0.024767801857585092
334	3	0.05779153766769864	0.05779153766769864	0.04334365325077394				0.26006191950464397	0.04334365325077394
335	4	0.07778637770897834	0.07778637770897834	0.09287925696594423			0.03947368421052633	0.26315789473684215	0.07120743034055732
336	4	0.027896026831785343	0.027896026831785343	0.034055727554179516			0.003289473684210509	0.021671826625387025	0.10835913312693501
337	4	0.14422084623323014	0.14422084623323014	0.47987616099071206			0.1842105263157895	0.06501547987616096	0.13622291021671828
338	4	0.10216718266253871	0.10216718266253871	0.12693498452012386			0.0	0.2538699690402477	0.2321981424148607
339	3	0.11816305469556243	0.11816305469556243	0.22291021671826627				0.33436532507739936	0.15170278637770895
340	3	0.0717234262125903	0.0717234262125903	0.3157894736842105				0.049535603715170295	0.06501547987616096
344	4	0.09047010217774913	0.09047010217774913	0.04643962848297212		0.04436860068259385		0.20433436532507743	0.24767801857585137
351	3	0.08462332301341591	0.08462332301341591	0.08049535603715174				0.22291021671826627	0.20433436532507743
352	3	0.11867905056759546	0.11867905056759546	0.07120743034055732				0.28792569659442724	0.3529411764705882
353	3	0.06811145510835914	0.06811145510835914	0.25077399380804954				0.052631578947368474	0.10526315789473684
354	3	0.06449948400412797	0.06449948400412797	0.021671826625387025				0.195046439628483	0.1702786377708978
