pos	mean_ph55	mean_surface	mean_adjusted_activation	mean_ph55_z	mean_surface_z	mean_adjusted_activation_z
2	0.331671936368421	0.22130988142105262	0.16641224063303212	1.104343187676155	0.8115112231343249	0.2808279789618859
3	-0.11154825152631578	-0.7317995193157895	0.3820974282835418	0.3444631347131031	-0.27467045003544877	0.6828932406012638
4	0.21915087710526313	0.2524883908421053	0.03233679585742675	0.9114311525125995	0.8470428478394397	0.030893899712692085
5	0.037078054789473694	-0.9200551264736843	0.660868953434624	0.5992759085883023	-0.4892101347854595	1.2025596461547905
6	0.10876053563157895	-0.058025444578947344	0.13661146050153902	0.7221721322408186	0.49317535158008263	0.22527544616560777
7	0.5041527722631579	0.14139811563157892	0.39413782808230224	1.4000534244714418	0.7204422488863966	0.7053381129082837
8	-0.049319373888888886	-0.7559609878421053	0.47995721494326893	0.4511516027171588	-0.30220532094309455	0.8653166195820776
9	0.08187014010526317	-0.15159849784210527	0.1744101633658285	0.6760698207152724	0.3865377132581794	0.2957371478814685
10	0.02001472431578947	-0.46239861110526315	0.3274176638279899	0.5700216353891117	0.03234396930334373	0.5809630429753394
11	0.13364641763157895	0.156505749	0.013187236062524626	0.7648378001157742	0.7376591963606961	-0.004803372098537174
12	0.4123716587368421	0.6022794137894737	-0.016260607453153	1.2426990455144336	1.2456713770208885	-0.05969798510752839
13	-1.086022806631579	-1.4732020590526316	-0.07982933482865447	-1.3262274086526606	-1.1195869417635889	-0.1781983665325524
14	0.43581229778947367	0.624371630368421	-0.00809280093194396	1.2828869126993818	1.270848088895935	-0.04447213069562961
15	-0.5404537882105264	-0.2349383265263158	-0.39029911853624044	-0.39087512566674265	0.29156205307487204	-0.7569544516271915
16	0.2127108438947368	0.5026482853157895	-0.14704424400680788	0.9003900201121485	1.1321298405071611	-0.3034957053955784
17	-0.016319574947368413	0.43857911110526315	-0.3317822413688352	0.5077281974940377	1.0591153861446345	-0.6478713764984739
18	0.23653421400000002	-0.13700225273684208	0.31898353376399025	0.9412340615880869	0.40317187290257506	0.5652407268171368
19	-0.9760043779473685	-0.8243866766315789	-0.4183511711792585	-1.1376060152712644	-0.3801845425095656	-0.8092471287845698
20	-0.7116465231052631	0.9032029238421053	-1.348313793722173	-0.6843769742097905	1.5886095553584403	-2.542818493701039
21	-0.26914186615789476	0.34818799663157896	-0.5221151780706436	0.07427633478032622	0.9561039460278927	-1.0026767427232735
22	-0.028952468631578954	0.14941938452631578	-0.14451269144398515	0.4860696986620433	0.7295834400888906	-0.2987765619318444
23	-0.8846950544736841	-1.826998818736842	0.3660858556927626	-0.9810604980492866	-1.5227804850218445	0.6530455853538343
24	-0.822836377	-0.5761628878947368	-0.4367857046423879	-0.8750067207197869	-0.09730397291043535	-0.8436114984512667
25	-0.543162910368421	1.2201864950526318	-1.3989678569632147	-0.39551978749634614	1.9498500860662504	-2.6372442603100468
26	-0.41179327636842106	-0.9358679934736842	0.22292940309960974	-0.1702927622657968	-0.5072307799730872	0.3861833256213905
27	-0.9204228651052632	-1.860775464263158	0.3537085788907421	-1.0423141398654079	-1.5612729952451971	0.6299727304675214
28	-1.1584614353157894	-0.823444906631579	-0.6014592947474753	-1.4504200120234296	-0.379111283434007	-1.1505845030044664
29	-0.5746960656111111	-1.116507959888889	0.18490697367424397	-0.44958189100684376	-0.7130915351083443	0.315304568477224
30	-0.2414473164210526	-0.4808391492105263	0.07870397042264128	0.12175733067263762	0.011328779947493501	0.1173283478828172
31	-1.0855672078421053	-1.879276780631579	0.20135460082808262	-1.3254463060726551	-1.5823574486703325	0.3459650861835703
32	-0.7420965212105264	-1.7400799469473687	0.4485954717611722	-0.7365820560289597	-1.4237260789722015	0.8068542484970093
33	-0.8588156558947367	-1.6990616686842104	0.30351950414434026	-0.9366914929815552	-1.3769808657994251	0.5364137629317057
34	-0.6511324908947368	-1.4714612866315788	0.3538575468585961	-0.5806285275978247	-1.1176031242716566	0.6302504261480805
35	-0.9635259169999999	-1.8849553358333333	0.3273216010849452	-1.1162122840637052	-1.5888288386130403	0.5807839695195458
36	-0.7891634704736842	-1.9295476533157894	0.5325116920290955	-0.8172761148189708	-1.6396470951281548	0.9632850049404295
37	-1.0997879151578946	-1.9772091810526318	0.2548367039426539	-1.3498270362907934	-1.6939630822572385	0.4456626871918863
38	-0.8633759651578948	-1.2778515066842104	0.007767397002028384	-0.9445099275634191	-0.8969617219702142	-0.014906657510202726
39	-1.176098006105263	-1.4310326023157895	-0.19905720209288513	-1.4806570786364122	-1.071529823619887	-0.40045462885861594
40	-0.6408761599473685	-1.0890699782631579	0.09975840250486648	-0.563044533194249	-0.6818226873059852	0.1565765495605571
41	-0.9220468618947367	-1.4550477523157894	0.07159614058225838	-1.0450984055647177	-1.0988979471409193	0.1040784279620647
42	-0.3558007708947369	-0.4555170048947369	-0.05315523627330324	-0.07429625942829066	0.04018637914849508	-0.12847437513806734
43	-0.6120642667368421	-2.2893389886315787	0.9583425153794888	-0.5136479047537137	-2.0496721712455104	1.7570890823994452
44	-0.8660851566315789	-1.8720570357894737	0.41584548451591896	-0.9491547082316658	-1.5741296895837111	0.745804009795474
45	-0.45880454910526314	-0.8206247549473684	0.09624795892019426	-0.2508913662842945	-0.37589738472250517	0.15003262582747004
46	-0.7083021323684211	-1.7432513563157894	0.4845823252660871	-0.6786431744424293	-1.4273402776480661	0.8739384271911754
47	-0.20162642652631577	-1.4281120582105262	0.7733953414667059	0.19002836333019094	-1.068201515788311	1.4123234789811947
48	-0.23344779894736845	-1.1960279884210525	0.5811291753582969	0.13547212509672565	-0.8037140780974273	1.0539143215288151
49	-0.5023216961578947	-0.9159681947894738	0.11864381722284562	-0.3254994570488967	-0.48455258939617424	0.19178142056939154
50	-0.6858760144736842	-1.9554213943157897	0.6536862311039088	-0.6401946558075887	-1.6691333044434915	1.189170116884651
51	-0.45936669815789477	-1.4270876174736842	0.5149468515467426	-0.2518551442518908	-1.067034043562409	0.9305418561821819
52	-0.08807228742105262	-0.9487230028947369	0.555537341230008	0.38471156503032217	-0.5218805941820096	1.0062078118852553
53	-0.410245335631579	-0.7953000778421052	0.12729966919885669	-0.16763889107215305	-0.3470368991062544	0.20791705522913398
54	-0.9221483664210526	-1.6600394867894739	0.2132099057643649	-1.0452724302750975	-1.3325104421645388	0.36806491757646415
55	-0.6503596041052632	1.3783091238421052	-1.615478182507888	-0.5793034497458673	2.1300496532636517	-3.040847686377494
56	-1.1450488330526316	-1.8620095664210528	0.12993577275793583	-1.427424739704017	-1.5626794016301182	0.2128310953574114
57	-1.222344320631579	-2.0159424603157894	0.15905746161441697	-1.559944197976628	-1.7381042669364406	0.2671177136319787
58	-1.1558456714736842	-2.0626256801578946	0.257829241724481	-1.44593540861148	-1.7913053557074141	0.45124116710199336
59	-1.1238003219473685	-2.259096343526316	0.42569905812764436	-1.3909951722225644	-2.0152070753854563	0.764172353470056
60	-0.4989614962105263	-1.633993382736842	0.6183905345517955	-0.3197385531376806	-1.3028278046230664	1.1233743447059674
61	-0.4770545192105264	-0.8133047685789474	0.07293752213257362	-0.28218007701751385	-0.3675553884783335	0.10657893775534562
62	-0.5596714925789473	-0.6946415976842105	-0.09171389672693159	-0.42382297103152144	-0.23232457299541798	-0.20035273671045684
63	-1.0507040382631578	-1.8260655198947366	0.19943166200023066	-1.2656750504537613	-1.5217168798395833	0.34238047793411736
64	0.16409523768421053	-0.5621149795789474	0.5404342837612671	0.8170408622194146	-0.08129470834208319	0.9780537470703669
65	-0.7759390930526315	-1.3689088428421052	0.1581541972381895	-0.794603545090492	-1.0007324010401113	0.2654339112730244
66	-1.2940565407368423	-0.08143785647368422	-1.2500201034377785	-1.682891408189506	0.46649411991338685	-2.35958626189042
67	-0.8104077313157895	-0.23360157226315786	-0.6611771891016849	-0.8536983954252273	0.29308544375914314	-1.2619064304841778
68	-1.1621346856842105	-1.864786141	0.11476942686320812	-1.4567176260778807	-1.5658436390403354	0.18455905267936804
69	-0.44609828936842105	-0.869480931105263	0.14272956183813945	-0.229107084824428	-0.43157481600461584	0.2366803833401642
70	-0.7319511775263158	-0.6773613697368421	-0.2759397812148416	-0.7191883440396556	-0.21263169525219444	-0.5437737627634821
71	-0.8565909965263159	-1.7097036545263158	0.31310120109146805	-0.9328774196950246	-1.389108676079012	0.5542752931181857
72	-0.41156089394444445	-1.1077309652222223	0.34197441695366815	-0.1698943535888866	-0.703089104385206	0.6080987253921557
73	-0.4703090255789474	-1.0770901707894736	0.26204363393926416	-0.27061524716990876	-0.6681702699486928	0.45909734270193026
74	-1.0960763527222221	-1.301066100157895	-0.2098442460126537	-1.3434637380087566	-0.9234175159868392	-0.420563082680419
75	-1.0949075560000001	-1.5731242267222223	0.03137301249939497	-1.3414598912990576	-1.2334601521025073	0.02909728209498796
76	-0.6948982576315789	-1.1835741169473686	0.11106908292793287	-0.6556628650541737	-0.7895214083532515	0.17766112997684622
77	-1.525355775894737	0.3328473058947368	-1.7677237327629673	-2.0794430090922984	0.9386214019261964	-3.3246532071160195
78	-0.7607381862631579	-0.845184377368421	-0.18870707407947623	-0.7685423092268068	-0.40388599941153625	-0.38116064315174686
79	-0.6967617239473685	0.46395960410526316	-1.0297704803127177	-0.6588576899322169	1.088039480620359	-1.9490122984560672
80	-1.348431053631579	0.04742996705263157	-1.3934837613883306	-1.7761139392627199	0.6133543523980817	-2.6270211923924482
81	-0.502187085368421	0.4563551399473684	-0.8299387093333299	-0.3252686732158757	1.0793732880550606	-1.576499868845568
82	-0.4801777969411765	-0.0015926173888889024	-0.5145515302842408	-0.2875347889918438	0.5574872790583035	-0.9885771188255221
83	-0.4755436807894737	-0.06992982878947371	-0.4394629947370012	-0.27958981598978105	0.4796088880137291	-0.8486023156422897
84	-0.21201717705263157	0.2968565066315789	-0.42950390718410847	0.1722139129149993	0.8976055998239905	-0.8300372802485214
85	-0.5442575826842105	-0.6196728915263158	-0.12812749314670616	-0.39739655141644287	-0.14688880389377806	-0.2682324197393659
86	-1.121130147736842	-0.24572452000000003	-0.9635187465939681	-1.386417284806937	0.27926990102462274	-1.8255104440085834
87	-1.2954547310000002	-0.463189866	-0.9875047796724029	-1.6852885392774817	0.03144224011590248	-1.870223531496995
88	0.12246682163157892	0.6529718327368421	-0.34121022254296896	0.7456709114392072	1.3034414256498372	-0.6654463604776774
89	-0.31237646542105263	0.41189810615789474	-0.6093939695440685	0.0001526588395380246	1.0287092034197771	-1.1653757695391207
90	-0.7149363998421053	0.23047040705263158	-0.8865289673095337	-0.690017312302033	0.8219507330687885	-1.6819914750485427
91	0.37649050784210525	0.17791330942105263	0.24123181151867296	1.1811825090683472	0.762055661004362	0.4203013970096091
92	-0.017447143052631578	-0.22072025484210525	0.12287826268262343	0.5057950352984784	0.3077652390672297	0.19967497802796846
93	-0.3511397628947368	-0.17957422226315792	-0.23925950944490534	-0.06630518162399526	0.3546560434978102	-0.47539696217354116
94	-1.5204172350526317	-1.0042944174210526	-0.8383898720578168	-2.0709761143543037	-0.5852108393395333	-1.5922539360997536
95	0.08138369052631578	-0.3336485011052631	0.29977886291812367	0.6752358259155993	0.17907005320565178	0.5294407208340962
96	-1.0709033484210526	-0.6757434191578947	-0.6160104767333108	-1.300305812526006	-0.2107878478768685	-1.1777098000915207
97	-0.9062892763157894	0.7582356355263158	-1.4427374897335512	-1.0180827702409403	1.423402065372509	-2.718836552499256
98	-1.3898834682941175	0.6778659765	-1.8329249685757834	-1.8471821439824405	1.3318112672481803	-3.4461967967424383
99	-0.7532347349473684	-0.7490965874736842	-0.24763121359109616	-0.7556779967722441	-0.2943825192041602	-0.49100290829608995
100	-0.7587992476111112	-1.440248157777778	0.22461247145870425	-0.7652180905972182	-1.0820320465999067	0.389320784097458
101	-0.7732265298947368	-0.5005596897368421	-0.4394420020491162	-0.7899529838291078	-0.011145124609660462	-0.8485631825398319
102	-1.3303729445789474	0.7248742495789473	-1.8437577021968117	-1.745154165231431	1.3853827928949096	-3.4663904221139954
103	-0.4698685655555555	0.9869995680000001	-1.164466289114807	-0.26986009928846205	1.6841058111786735	-2.2001028169922465
104	-0.4821697496153846	-0.8334042333846153	0.0817174913719519	-0.2909498976554786	-0.3904611223799816	0.12294594314811476
105	-0.8424882783529412	-1.3407310156111112	0.11389541179856826	-0.9086989762820361	-0.9686204110582807	0.18292977484406947
106	-0.7267200205555555	-1.6681316550526315	0.46721751836650394	-0.7102197727864359	-1.3417324316411432	0.841568167065982
107	-0.6239529281875	-1.838542864882353	0.7036254916674176	-0.5340304526148487	-1.5359363004484747	1.2822633982697382
108	-0.5711165269375	-1.223081373875	0.26216304445567984	-0.44344494122166644	-0.8345446327583699	0.45931993944604677
109	-0.8110753403684211	-1.5194142643157895	0.2270656397060143	-0.8548429795757868	-1.1722512533261407	0.3938938089952009
110	0.4218019618333333	-0.512854133368421	0.76806662447347	1.2588668542292325	-0.025156107340620834	1.4023900569626218
111	-1.2561318780526316	-1.951425439157895	0.08066787632307101	-1.6178713674148109	-1.664579437640837	0.12098932408750156
112	-0.7850273683636363	-1.1628318199090908	0.0066003685689346855	-0.8101849633410281	-0.7658830905641254	-0.017082150400575542
113	-0.6188743372777777	-1.755490912888889	0.5824715935245226	-0.5253234486586706	-1.4412887100390885	1.056416763709071
114	-0.532340683263158	-1.8395464511052633	0.7271146796067525	-0.3769655908903952	-1.5370800064720733	1.326050301753478
115	-1.1733173125789473	-1.947685072789474	0.1608966447153751	-1.4758897110801479	-1.6603168447032595	0.27054619030552607
116	-0.7791792112631579	-0.8851790925789474	-0.1794988776729473	-0.8001585745423682	-0.4494647405840962	-0.3639953665847861
117	-1.011536551529412	-1.4738865989411765	-0.0048698423289874095	-1.1985242466173238	-1.1203670564921986	-0.038464116385206255
118	-0.6102668311666667	-1.7187841245	0.5657028939558425	-0.5105662864665363	-1.399456953057037	1.0251577252332427
119	-1.131832540368421	-1.0458602877894738	-0.4210697820414482	-1.4047660308745396	-0.6325800989320061	-0.814314973264336
120	-0.9048793738947369	-1.8570312117894736	0.3666635864703213	-1.015665559212104	-1.5570059736278545	0.6541225507160208
121	-0.5466481027368421	-1.5617963894210527	0.5207925674228026	-0.40149498500276287	-1.2205507324035016	0.9414390314067781
122	-1.2719225117894737	-0.6041183360526317	-0.8665456266668076	-1.6449436622425038	-0.12916253545412484	-1.6447399272187235
123	-0.9915789030000001	-1.3385096431578947	-0.07850124435515217	-1.1643078019793165	-0.9660888925924019	-0.17572263303631105
124	-0.34536053857894733	-0.9841606462105263	0.3227479080035879	-0.05639697482496193	-0.5622660092038111	0.5722580103405878
125	-0.6355722618888889	-1.3597755275555556	0.29220696777656774	-0.5539512507859458	-0.9903239005344378	0.5153257227929295
126	-1.1151946251111111	-1.8051568075789473	0.1786946540219838	-1.3762411119466091	-1.497888912022424	0.30372399609957546
127	-0.679041912736842	0.7876207622105263	-1.2358047069554392	-0.6284779115536472	1.4568899168651983	-2.333086912685038
128	-0.34358972633333335	-1.1845758048421053	0.4977740009690382	-0.053361000968770264	-0.7906629510058136	0.8985294276244699
129	-0.7121308235263157	-1.9656371382631577	0.6344937892852076	-0.6852072843798834	-1.6807753613205378	1.153392907399879
130	0.19388813921052633	-0.06621143894736839	0.22739822103494084	0.8681193830270376	0.48384643608226463	0.39451378387844555
131	0.10467945926315787	-0.5782881439473685	0.49219936761446226	0.7151753197948147	-0.09972595529081799	0.8881375855018526
132	-0.41549286931578944	-1.5289207386315788	0.6292201443828174	-0.17663553942615412	-1.1830850129871897	1.1435621469263852
133	-1.2783406703157894	-1.6872526406842103	-0.12416934962521615	-1.6559472915312947	-1.3635230719914608	-0.26085392505500776
134	-0.532996904	-1.9694466914736843	0.8162613362701351	-0.3780906503120689	-1.6851168009045354	1.492231272389799
135	-0.01687838527777779	-0.9810340652631578	0.6756951128686041	0.5067701436078086	-0.5587028978525979	1.2301975369940514
136	-0.6709179217222222	-1.6562970470555554	0.46185312001889756	-0.6145497131297821	-1.3282454863800486	0.8315682303588628
137	-0.3708070071578947	-1.114496841736842	0.38740570216091524	-0.10002374188026913	-0.7107996264589871	0.6927885539911566
138	-1.1304079102777778	-1.9204299219444445	0.1849639651010765	-1.402323569952638	-1.6292563543498308	0.3154108079143881
139	-0.6341451030526316	-1.3718256906842106	0.30196466794997856	-0.5515044544492692	-1.0040564965396104	0.5335153459003732
140	-0.18825091799999996	-0.4546392307368421	0.1137877921470297	0.21296004019189216	0.041186707340358765	0.1827291578066886
141	-0.8967534585789473	-1.660693065368421	0.23905664677344635	-1.0017340616648804	-1.3332552727935096	0.4162466068224619
142	-1.0918464165555557	-2.296909226166667	0.48379383634824996	-1.336211712478006	-2.0582993584978846	0.8724685812249164
143	-0.4065380411111111	-1.1294103708333334	0.36198471706718094	-0.16128290992891178	-0.7277953689984794	0.6454005291843503
144	-0.6494034543684211	-1.307026165736842	0.24190898771518907	-0.5776641762368621	-0.930209720530974	0.4215637415757523
145	-0.6465688624210526	-2.044268634263158	0.7544154234369332	-0.5728044023864739	-1.7703853156690048	1.376942441499382
146	-1.3393344006842105	-1.8229484413157895	-0.09135360502052214	-1.7605181579508031	-1.5181645975688758	-0.19968110607702297
147	-0.289940701	-0.8756559366842104	0.3031560666256461	0.03861771598757787	-0.4386119702771353	0.5357362680947394
148	0.12393420026315789	0.7411838174210527	-0.4007257183337874	0.748186662713032	1.403969487846946	-0.7763909906926497
149	-0.14573009186666663	-1.3965676483333334	0.8074843356254465	0.2858599858547998	-1.0322529039363304	1.4758698008439
150	-0.32839998277777777	-1.424693462	0.6442584348819107	-0.027318903941745805	-1.064305618267029	1.1715954776803001
151	-0.7172217774736842	-1.0253344383684209	-0.020648987801629767	-0.6939354841794774	-0.6091884489806425	-0.06787849723357399
152	-0.0033593494210526252	-0.12882107236842102	0.07343414141197707	0.5299478912903158	0.4124953022740674	0.10750470072814676
153	0.2269852025263158	-0.06085445089473683	0.2567918813396155	0.924862732974122	0.4899513619613499	0.4493073923300739
154	-0.454403049	-0.874262803631579	0.13773061527516076	-0.2433452024938072	-0.4370243292477997	0.22736169632387226
155	0.023687405947368425	-0.8225170446842105	0.5800480952568741	0.5763182743711416	-0.3780538742408083	1.0518990475150243
156	-0.8742693243157894	-0.6958322544736841	-0.4054886013826568	-0.9631860767098844	-0.23368146820887573	-0.7852696245945031
157	-0.5129750274736842	-0.1577994842105263	-0.41614812670600715	-0.3437640898106103	0.3794709507818599	-0.8051403671557822
158	0.1638602315263158	-0.30800841515789473	0.36452985169179764	0.816637955274774	0.20828998476125168	0.6501449913790008
159	-0.228761049	-0.17893240015789474	-0.11732450120974415	0.1435073362524881	0.35538747622487504	-0.24809423673784792
160	0.3854389073333333	0.9307754579444444	-0.2702898591867652	1.1965241168403826	1.6200317417324874	-0.5332415727544885
161	-0.16035105731578947	0.469185399	-0.49697251999268804	0.2607930319946362	1.09399489627151	-0.9558075556986971
162	-0.8836887524736842	0.5837237196842104	-1.2994930614706448	-0.9793352408567185	1.2245249536884777	-2.4518102946681823
163	0.13214456278947367	0.4197470879473684	-0.17029911412088722	0.7622629410093276	1.0376540529472067	-0.3468458099561081
164	0.5095707197222222	0.7744876039444445	-0.038112834932986034	1.4093422391838315	1.4419231189210922	-0.10043338124107695
165	-0.5579598038947369	0.663419624	-1.0288596346880583	-0.4208883617254963	1.315347928079015	-1.947314363663321
166	0.5729821455789473	0.7009593977894737	0.07613024807899788	1.518058130189037	1.3581289711298365	0.11253059445915202
167	0.0816518962631579	0.3950119298947368	-0.20369182486747794	0.6756956519683894	1.0094653945004897	-0.4090941689158864
168	-0.06674493784210526	0.33025097915789475	-0.30731799724918946	0.4212762973467593	0.9356625783987625	-0.6022668413891212
169	-0.5110124220526316	0.41302701778947365	-0.8088103674785954	-0.3403992956247255	1.029995732672244	-1.537113889732366
170	-0.8016272891578948	0.3080661644210526	-1.0268635009016573	-0.838644742558755	0.9103803398947716	-1.9435933104846626
171	-0.6671957735789473	0.4159268766315789	-0.9669984548494096	-0.6081682661526427	1.0333004671829298	-1.83199707308772
172	-1.6225628927894737	-1.0338646342631579	-0.9200929921193	-2.2461000142373377	-0.6189096231105466	-1.7445591857189484
173	-1.0600528770526316	-0.48763143484210525	-0.7352059345880549	-1.2817031924664974	0.0035881615397306155	-1.3999056470601519
174	-1.1691730069473685	0.2294506775263158	-1.340060613089295	-1.4687844950524718	0.8207886298283651	-2.5274334908333778
175	-0.9366954495294117	0.26908918055555553	-1.157397569549389	-1.070212716355801	0.8659614247970848	-2.1869258037143093
176	-0.4903387517368421	-0.33927696305263155	-0.26805250049269497	-0.30495526549351276	0.17265575049219756	-0.5290708449520298
177	-1.281679779631579	-0.9220930863157895	-0.6564799947724532	-1.661672036552012	-0.4915326327373623	-1.2531502489052475
178	-0.7057205792631579	-0.6051655841052631	-0.29961970865585097	-0.6742172237210234	-0.13035599933261732	-0.5879162295034711
179	-0.10762071000000002	0.7969499398421053	-0.6708329687670652	0.3511967189327375	1.4675216258393542	-1.2799060604994945
180	0.25448300373684213	0.258096124	0.06379217390221847	0.9720064128219918	0.8534335276285834	0.08953081836858867
181	0.12633526294736838	0.09549535678947368	0.0480538999588057	0.7523031711426499	0.6681305883743076	0.0601926273702162
182	-0.010465321894736833	-0.3548590497894737	0.22259316672864515	0.5177650375143964	0.1548981068993265	0.38555653726407596
183	0.0266276476842105	-0.8685161346842106	0.6147885140224579	0.5813591797895707	-0.4304753155799251	1.1166597096291015
184	0.3933259825789474	-0.007414271684210529	0.3861882966375873	1.2100461343816598	0.5508528106560194	0.690519151647908
185	-0.3436308986315789	0.45051425700000003	-0.6673445924606857	-0.05343158892713936	1.0727169063137236	-1.2734032730452454
186	-0.11920825133333333	-0.48370107472222224	0.202921547213853	0.33133042727326084	0.008067274984497694	0.34888607818785433
187	0.1448912610526316	-0.9219324226842104	0.7699799756291433	0.7841165524102885	-0.4913495373948642	1.405956792543279
188	0.08103886126315792	-1.4815540671052632	1.0930062589115537	0.6746446324503461	-1.1291050496260457	2.00811982709894
189	-0.4990226477894737	-1.378141396105263	0.44145330851051645	-0.31984339462802436	-1.011253995038925	0.7935403266309461
190	-0.6979018281052631	-1.3868707187894735	0.24860889989779555	-0.6608123445972028	-1.0212020978605365	0.43405324989111005
191	0.039609978842105265	-0.33700943457894733	0.26032863805604334	0.6036167726458507	0.1752398692403731	0.4559003671654602
192	-0.15941412078947367	-0.7885056101052631	0.37343371988298296	0.26239936536275654	-0.33929379392966524	0.6667429605436349
193	-0.9667279527894737	-1.7854416900526315	0.2553236053623116	-1.1217020230055441	-1.475421187619625	0.4465703348093224
194	-0.39844361773684206	-1.7890542221052634	0.8261053628377713	-0.14740540382622114	-1.4795380981298702	1.5105818191316316
195	-0.4326580526842106	-1.5943894633157896	0.6573149223484979	-0.2060644345969087	-1.2576944217946275	1.1959344696459926
196	-0.3129041085263158	-1.3902931480526317	0.6359726196831985	-0.0007519603130267891	-1.025102363601792	1.15614963973447
197	-1.2698661938333333	-2.051957897388889	0.13643384780631745	-1.6414182023467285	-1.7791481467573267	0.22494435298506701
198	0.26000911494444445	0.028190751055555574	0.22825689801482044	0.9814806691663573	0.5914289744655766	0.39611446952746854
199	-0.31826937631578944	-0.8157129085263158	0.23338746484479161	-0.00995045822304181	-0.3702997507469644	0.4056785138520756
200	-0.793381361	-1.0334180287894739	-0.09122020846212978	-0.8245074886689597	-0.6184006629845864	-0.19943243753035056
201	-0.48452629715789475	-0.7251163135789473	0.004499136348153781	-0.29499008697970186	-0.26705414115866194	-0.020999120739689923
202	-0.07102573710526315	-1.217759185526316	0.7585744890732947	0.41393706944230935	-0.8284793652864205	1.384695481156276
203	-0.07070580221052632	-0.15957689715789475	0.02734986300400157	0.41448558269012	0.37744537704646947	0.021597607814616226
204	-0.21285747966666665	-1.1281603067368422	0.5699910948111548	0.17077325381981923	-0.7263707720835328	1.0331514897454683
205	-0.35265202942105267	-1.1095102558947367	0.4021133440363747	-0.0688978910706689	-0.7051168180120289	0.7202055126760378
206	0.5739919365789474	0.6923909788421052	0.08306357450943232	1.519789369107116	1.3483642372792655	0.12545521731179254
207	-0.28087159344444446	-1.3537178586666667	0.6427198372222023	0.05416627202780921	-0.9834204653945104	1.1687273313910391
208	-1.046226465631579	-1.6289015307894736	0.06760545650836654	-1.2579984639142554	-1.2970250329124426	0.09663927345281145
209	-0.349644102	0.30075830000000003	-0.5698282272287573	-0.06374094174740985	0.9020521580532955	-1.0916200763028345
210	0.36675956663157894	-0.24757037984210528	0.5256470510567351	1.1644992705237365	0.2771663239009633	0.9504884207211888
211	-0.07401553810526317	-0.34629352031578947	0.15312141264404214	0.4088111970107753	0.16465954785051082	0.2560521457625466
212	-1.2091411412105262	0.43196977910526313	-1.520034631858261	-1.5373079712167292	1.051583265189008	-2.862928485797459
213	0.30162609089473685	-0.294527448	0.4929760236024949	1.0528310064320887	0.22365315236004846	0.8895853733468766
214	0.708402656631579	0.47980759957894736	0.36443783436114646	1.7502301925667472	1.1061001588873927	0.6499734590984273
215	-0.9093407628947369	0.4022960308947368	-1.1997201423676405	-1.0233143996805663	1.01776649509356	-2.2658205878150834
216	0.08787180668421053	0.7358046974736843	-0.43306940863871013	0.6863593942555468	1.3978393400379994	-0.8366838390170489
217	-0.5504398089473684	-0.03339524573684211	-0.5396162792591839	-0.40799568599691394	0.5212443965062366	-1.0353010731420575
218	-0.5796745140526316	0.36575753210526313	-0.8447940301267218	-0.45811720543686896	0.9761265241525744	-1.604192120254182
219	0.6089002230526316	0.4370171420526316	0.2945173800013032	1.5796379755085292	1.0573353363856925	0.5196326318846113
220	-0.1786960804736842	0.2631648102105263	-0.3728910039501142	0.22934135729758887	0.8592098992231408	-0.7245034603376996
221	0.3499138901578947	0.42404120889473684	0.04450159351377075	1.1356181548150321	1.0425477151771672	0.05357066581687792
222	0.5090544910526316	0.1698731419473684	0.379354138361734	1.4084571895414566	0.7528929326204219	0.6777793911423404
223	-0.9027545838421053	0.8901463563157895	-1.530395563749252	-1.0120227071448318	1.5737300416839095	-2.8822426113382873
224	0.34538023042105265	0.7801619095263158	-0.2062260957937384	1.1278454095858228	1.4483896659158326	-0.41381837976286884
225	-0.09109169978947369	-0.3257563815789474	0.12184747775398319	0.379534925307905	0.1880640633217227	0.19775346076226166
226	-1.1255760798421053	0.03353971031578947	-1.1610261493030505	-1.3940396251603053	0.5975247505795319	-2.193689948642051
227	0.1499308610526316	-0.1564641775263158	0.2458346351031158	0.7927567082955662	0.38099269177752026	0.42888165923771177
228	-0.024052830000000015	-1.1180289807368422	0.7366017242659627	0.4944698973997151	-0.7148249195113088	1.343735387756095
229	-0.33292062547058826	-1.0793425285555556	0.43317024949862515	-0.03506933206451829	-0.6707370998687928	0.7780996265760733
230	-0.9249021582777777	-1.5004452540555555	0.10012513010546414	-1.0499936761909863	-1.1506338070110511	0.15726017753840232
231	-0.19861721105555555	-1.3855457023888889	0.7469775041284543	0.19518752095376374	-1.0196920838685941	1.3630771918482936
232	0.11496622063157896	-0.5683431443157895	0.4956109332162935	0.7328114857162789	-0.08839244380603957	0.8944971878057568
233	-0.8281330030526316	-1.1361601545789473	-0.05494397173684379	-0.8840875356179455	-0.7354875514454021	-0.13180881084960733
234	-0.25957891894736845	-1.0014941675263158	0.42051257004695314	0.09067155555610779	-0.5820196210873502	0.754504064655844
235	-0.1509720853333333	-0.9929764084444445	0.523230890503626	0.2768728359417894	-0.5723126201868749	0.9459843829820619
236	-0.6117482801764705	-1.8140878505882352	0.6301069953146349	-0.5131061607384618	-1.508066899178442	1.1452153524887168
237	-0.06686528422222221	-0.3469600015	0.16073241954728892	0.42106996916903905	0.16390001316620037	0.27024005321797917
238	-0.16762675115789474	-0.9018053309999999	0.443547664708977	0.2483191989584142	-0.4684123193748803	0.7974444791695273
239	-0.08250865578947368	-0.2397110242631579	0.0709454842207744	0.394250148367314	0.28612299559696963	0.10286551982003095
240	-0.13693442	-1.4965913591764706	0.8854285865592958	0.30093974933677287	-1.1462418348148387	1.6211680291848454
241	-0.06660758366666665	-1.5373994519473684	1.0272414810644637	0.42151178458528693	-1.19274751658704	1.8855257217745112
242	-0.4617808062105263	-1.1023164367894738	0.28801132275314884	-0.25599401834877167	-0.6969186043901777	0.5075044943976801
243	-1.4058411497368422	-1.9614859259473685	-0.06208636079631262	-1.8745408342024468	-1.6760445604960355	-0.14512315365268752
244	-1.0157739910526316	-1.414235807263158	-0.05034517884681274	-1.2057891362980633	-1.052387875234893	-0.12323606236049117
245	-1.2536610176842107	-1.761203539894737	-0.04836582288374982	-1.6136351941562366	-1.447798928860359	-0.11954628522820197
246	-0.5402247694736841	-1.3122366959473684	0.3546898261114048	-0.3904824838723609	-0.9361477402565119	0.6318019029981263
247	-0.5986236102105263	-1.2265937184736841	0.237084121827225	-0.49060453472675847	-0.838547367732968	0.41256956359463587
248	-0.5605655442777777	-1.0461684546111112	0.15041025651334944	-0.42535578039087374	-0.6329312917265402	0.25099819787253913
249	-0.8769307407894736	-1.4512988274736842	0.11412054794608896	-0.9677489493998356	-1.094625600803303	0.18334945792496823
250	-0.4100399786315789	-1.138667922631579	0.3648827275899669	-0.16728681620666103	-0.7383454518052385	0.6508027979806927
251	-1.4999531361578946	-0.7343669574736843	-1.0045325301933807	-2.0358913845141835	-0.2775963515866728	-1.9019654746639059
252	-0.5339527534444444	-0.951916992222222	0.11186494988900547	-0.3797294089839586	-0.5255205254103997	0.17914472957596334
253	0.5945312154210526	-0.06018888089473684	0.6238777711357211	1.5550029914118575	0.49070985824273455	1.133603267873228
254	0.01956305894736842	-0.2067403938421053	0.15022388099983316	0.5692472764734955	0.3236969556151114	0.2506507696581987
255	-1.056362014526316	-0.5925052168947369	-0.6590135326846043	-1.275375383200187	-0.11592800310359896	-1.2578730933185267
256	0.3911327877894737	0.6585666318421053	-0.0764120633783781	1.206286005627824	1.3098173655456198	-0.17182812778451895
257	-0.17049967315789474	-0.6311090562105264	0.2535364871624825	0.24339371004535684	-0.1599216755470613	0.4432389138878307
258	-1.3157179488421051	-1.3288608847368422	-0.409310687935496	-1.7200288680522116	-0.9550929832480103	-0.7923944913812095
259	0.38344731084210526	-0.4862669700526316	0.7073509689535621	1.1931096188356238	0.0051431316689371665	1.2892081728094362
260	-0.2024413769473684	0.27807018452631577	-0.4069407117050165	0.1886311693710141	0.8761963484188257	-0.7879765472304462
261	-0.793848167368421	0.3708622942105263	-1.0624967171394166	-0.8253078061130819	0.9819440085256609	-2.0100182632862524
262	0.4024505606315789	0.02550836742105264	0.37255273417872725	1.2256897919660157	0.58837207885427	0.6651006885288497
263	0.30352352447368414	0.2505873772105263	0.11802365552914033	1.0560840665765574	0.8448764164041076	0.19062535845703932
264	-0.2718134767222222	-0.7051976528333334	0.20344175094092865	0.06969598480402968	-0.24435445501639325	0.34985580564067953
265	-0.32134021136842106	0.7037582842105263	-0.8201270402696834	-0.015215259705840463	1.3613186355413727	-1.558209640702566
266	-0.6187821905263158	0.1480610182105263	-0.7334033449938486	-0.5251654674107634	0.728035419896748	-1.396545385445908
267	-0.29447291063157893	-0.7909422201578947	0.2400594118648376	0.030847456895269198	-0.3420706012739047	0.4181158914646987
268	-1.2117488780526315	-1.1763906867894738	-0.41074759988032467	-1.5417788127167633	-0.781335034174203	-0.7950730822633354
269	-0.6839238686315788	0.28647896226315794	-0.894236375359084	-0.6368477940751919	0.8857791520974537	-1.6963590867874871
270	-0.697559134	-0.8412675170526316	-0.12823583302386524	-0.6602248117591921	-0.3994222706012996	-0.26843437937104225
271	-1.1188495239999998	-1.4725019805789474	-0.11314003175834872	-1.3825072632572144	-1.1187891189666377	-0.24029384106337326
272	-0.8120321777894737	-1.0819362963684211	-0.07632928566200747	-0.8564834320868514	-0.6736930071975992	-0.17167381934751866
273	-0.9285888255789474	-1.259963971368421	-0.0698115078266413	-1.0563142929421694	-0.8765767451531068	-0.15952383316056667
274	-1.1534376431666666	-1.532837652888889	-0.10601678096955994	-1.4418069579509527	-1.1875488032702135	-0.2270151744877249
275	-0.8310896217222221	-1.0984567795555555	-0.08396575822442605	-0.8891565185131325	-0.6925200653043623	-0.18590919810605389
276	-0.7708376972222222	-0.6419971730555556	-0.33927434357733455	-0.7858574431762047	-0.17232998141757191	-0.6618376301272132
277	-0.6862431714736842	-1.2471534180526316	0.1636779305735233	-0.6408241291218142	-0.8619775939706534	0.27573086913503503
278	-0.9290855891578947	-0.27867054347368425	-0.7486978813781667	-1.05716597060711	0.2417239835535837	-1.4250563918807966
279	-0.5259796187368421	-1.2798521910526315	0.3465468602867935	-0.3660598465647187	-0.8992417400805132	0.6166223548777521
280	-0.7751440125263158	-1.422335326	0.19588417413841497	-0.7932404171262257	-1.061618241451669	0.33576749884704804
281	-0.6167859381578947	-0.9338121292631579	0.01651547741465911	-0.5217429871247263	-0.5048878778610391	0.0014009029591143596
282	-0.8633026349999999	1.6698986994210525	-2.0300034647720806	-0.9443842064753757	2.46235070163895	-3.813576763813033
283	-1.3713962566842104	-1.458105674368421	-0.37563924580805397	-1.8154866939082848	-1.1023828135046152	-0.7296265408500773
284	-0.6142630244210526	-1.0550738484210527	0.10286926989346389	-0.5174175708275154	-0.643080048565199	0.16237561125851915
285	-0.341786115368421	-1.796816081263158	0.8881288082127434	-0.05026879525934122	-1.4883836610427028	1.626201593786124
286	-0.9944673716842104	-0.5266920543157895	-0.6426169686269249	-1.1692599449472743	-0.04092606629410903	-1.2273077638693854
287	-0.5326471437368422	-0.5269076806315789	-0.18064767349118027	-0.37749100288049514	-0.041171798161072595	-0.3661368715080472
288	-0.29381276736842105	-1.5391894899473684	0.7579992587173056	0.03197924130282139	-1.1947874780734913	1.3836231769053302
289	0.4016310926842105	-0.7408714021052631	0.9015483634905262	1.224284852921597	-0.2850089408943709	1.6512173914058874
290	-0.46458993126315795	-0.38504755473684216	-0.21066146887378698	-0.2608101304124228	0.12049471019704157	-0.42208649245676233
291	0.23912409494736844	-0.7356705197894736	0.7354458820528595	0.9456742900009715	-0.27908191609390615	1.3415807474356933
292	0.03265918315789475	0.07032936599999999	-0.02822437995660634	0.5916999621374186	0.6394509447137232	-0.08200001416290008
293	-0.1215137087368421	0.47603681021052635	-0.46287170184056964	0.3273778295763835	1.1018028953180732	-0.8922391923734192
294	-0.07116688442105265	0.6479053799473684	-0.5313413789666181	0.41369507904402186	1.2976675993045594	-1.0198755820018812
295	0.2043632782631579	0.8567850227894735	-0.4002142820839117	0.8860785135799975	1.535710828946343	-0.7754376069584299
296	0.2110411030526316	-0.5503832815789473	0.5792697697015791	0.8975273283977656	-0.06792504127877311	1.0504481473793257
297	-0.2335427464736842	0.0216353714736842	-0.26076308611629867	0.1353093420527758	0.5839583387158974	-0.5154824278225576
298	0.23388802136842105	0.139742885	0.1250173743270872	0.9366972894555136	0.7185559164512111	0.2036625605429105
299	0.4840279470526316	0.09157465699999999	0.4084570495837523	1.3655503633191846	0.6636624840265436	0.7320310054623224
300	-0.13964375799999998	0.1629826659473684	-0.26458057392066375	0.2962947174560866	0.7450404145938133	-0.5225987219435718
301	0.21454733836842108	-0.2603470924736842	0.38226764369350313	0.9035386030423579	0.2626057382084406	0.6832105442793079
302	0.4973958117368421	0.319650357	0.26415119428884565	1.3884689351750616	0.9235819069635619	0.46302610949674755
303	0.21465782357894736	0.12564595231578948	0.11553269443634047	0.9037280247111341	0.7024907827764618	0.18598188277648892
304	-0.04255394536842106	0.008082417526315782	-0.06040483151122274	0.4627506099890744	0.5685131335971935	-0.14198856421087824
305	0.4831055328421052	0.6584777031578948	0.015622160018734404	1.363968927774748	1.309716020718957	-0.000264356933936185
306	0.3916060850526316	-0.015434634526315775	0.3900130513688203	1.2070974514040282	0.541712652008406	0.6976489922664091
307	0.6748277448421053	0.37919140131578943	0.4004211011514535	1.6926675940082305	0.9914360180311917	0.7170509516897464
308	0.2689045464736842	0.018307992421052632	0.24398449674800968	0.9967314658723352	0.5801663940095884	0.42543276054458434
309	0.5162171414210527	-0.09199259	0.5675502968644978	1.4207372148876944	0.4544657440389996	1.028601524698162
310	0.6098883575263158	0.1048342632631579	0.5251508042279444	1.5813320853363426	0.6787733845227039	0.9495633520448048
311	0.7890732271578947	0.5764123472105263	0.37832342986945344	1.888536070950281	1.216192774003235	0.6758580163639565
312	0.1267709	-0.10918298957894737	0.18998815466813274	0.7530500502687988	0.4348752364197453	0.3247765511757081
313	-0.09254332978947366	-0.0039052822631579	-0.1021068568677227	0.3770461743181944	0.5548517220061199	-0.21972656707745342
314	0.3278044345263158	0.3672939675263158	0.06162274704008015	1.0977125386559177	0.9778774752973917	0.08548672434231502
315	0.3071694762105263	0.4422221229473684	-0.010811683978898744	1.0623348784180755	1.0632670320049902	-0.04954048256322325
316	0.4383046165789473	0.49531414268421053	0.08361978189411308	1.2871598754061164	1.1237717115151737	0.12649206026834175
317	0.3449607756842105	0.13734921526315788	0.2377449248873224	1.1271262742748587	0.7158280447108117	0.41380138650349824
318	0.23695749289473683	-0.33802970015789474	0.4583814840190857	0.9419597532369227	0.1740771551041345	0.8250966490148404
319	0.3390477122105263	0.07555504310526318	0.27455152421491535	1.1169886065686574	0.6454062261297407	0.48241367810269575
320	0.4792692875789473	0.6495271450526316	0.01797363134417439	1.3573918666810418	1.2995157937869153	0.004119091665383002
321	0.10647893468421052	-0.04725885373684212	0.12688667981355012	0.7182604353098597	0.5054451640970625	0.20714718926352751
322	0.4512116958421053	0.5737451417368421	0.042305796035879105	1.309288452447413	1.2131531757138316	0.04947741353065166
323	0.13239555421052632	-0.3521530897894737	0.36358335349999554	0.7626932539317345	0.15798187058695592	0.6483805955608478
324	0.5858465539473684	0.6303115338421053	0.13783507003448728	1.5401135499991467	1.2776173163199074	0.22755641359025286
325	0.5312935738421053	0.4317045616842105	0.22058343379849307	1.446585045332918	1.05128101835152	0.3818101335115095
326	0.5864211645789473	0.33000978594736846	0.3460148473137809	1.5410986927545598	0.9353877100103444	0.6156306134535035
327	0.5003620538888889	0.3668513647222222	0.23448634740192068	1.3935544170758407	0.9773730766901295	0.4077269739603282
328	0.7942915425263157	0.5585305818947368	0.3959038007182877	1.8974826258835489	1.1958143727883086	0.7086301157466334
329	0.7273022160526316	0.3913460592631579	0.4444927914710943	1.782632593463835	1.00528769832715	0.7992063184642535
330	0.19012280721052632	0.18142276215789474	0.052437949449865975	0.8616638993696392	0.7660551003579833	0.0683650662143677
331	0.7225472307368421	0.6105564888421052	0.2881928415232422	1.7744803959956572	1.255104089805663	0.5078428690101653
332	0.5383057361052631	0.5895572890526316	0.1184685530095926	1.4586070659390267	1.2311730007355903	0.1914547052648998
333	0.5811287091052632	0.36175926589473684	0.3187732819142959	1.5320250281167864	0.9715700236302102	0.5648487900046075
334	0.5654564631052632	0.4992594364736842	0.20804416053061497	1.5051557034655405	1.128267843654972	0.3584352961286738
335	0.41184188684210526	0.44365398015789476	0.09287085244485092	1.2417907766529834	1.0648988038241196	0.1437372598202636
336	0.36467463210526313	0.025858523157894737	0.3345347353327767	1.1609247488716277	0.5887711230183702	0.594230190561362
337	0.18707997831578946	0.32657249542105266	-0.050950064826648475	0.8564471131201842	0.9314705080898115	-0.12436364855402582
338	0.44055407947368425	0.25468829694736844	0.25221915501799347	1.2910164731655962	0.8495499028452804	0.44078323531708813
339	0.4704105514210526	0.37783417573684214	0.19694218745894462	1.3422039824539689	0.9898892978445373	0.3377397733790664
340	0.7893264052631579	0.785388987	0.2341064860619381	1.8889701328393622	1.4543465432184435	0.4070188629828871
341	0.4224306674210526	0.684246685631579	-0.06286736661656624	1.2599447402288835	1.3390828452172885	-0.1465790501511108
342	0.5397043131052632	0.7886203513157896	-0.017749518925242295	1.4610048600690302	1.458029067697199	-0.062473509876310715
343	0.5123534088947368	0.9560117197368422	-0.16082173738074204	1.414113028181133	1.6487914675698632	-0.32917874621292753
344	0.47016675205263164	0.6423909945789474	0.013804472725247374	1.3417859999656983	1.291383300438822	-0.00365276262463503
345	0.5658325061052631	0.5496038674210526	0.1736159972618044	1.505800411406561	1.18564131851412	0.2942567189012597
346	0.6043072577894737	0.23667328884210528	0.42842650246890257	1.5717635537589163	0.8290196556031336	0.7692566647045007
347	0.3079417275	0.2711698511666667	0.10821274412091555	1.0636588667353346	0.8683325967569299	0.17233654268235377
348	0.4689492391052632	0.7791040082631578	-0.08192573682743853	1.3396986315916988	1.4471840614351958	-0.18210633270920162
349	0.6306979544736842	0.6828567349473684	0.14636082374565507	1.6170091552496417	1.337498830875774	0.2434495281517779
350	0.3759410693684211	0.1580215737368421	0.2544339650040217	1.180240522787293	0.7393866591762159	0.444911929392997
351	0.549697965	0.4511926231578947	0.22551530180842635	1.4781385036585464	1.073489985340994	0.39100377737451686
352	0.378104318	0.28700167894444445	0.1674304457976392	1.1839493102695249	0.8863748500089784	0.28272604591015343
353	0.14046932831578948	0.3349175568421052	-0.10332983831376959	0.776535357839186	0.9409806994382716	-0.2220063636663676
354	0.6672827855789474	0.508813143263158	0.3032657965379809	1.6797321181407503	1.1391554303449591	0.5359408189328992
355	0.3968555186842105	0.48125671057894737	0.05188889428390333	1.2160973571279472	1.107751593454476	0.06734155592438464
356	0.3960286438421053	0.4473239683157894	0.07452046635974992	1.2146797193127628	1.0690811924090746	0.10952975181816138
357	0.40952001536842103	0.4271476337368421	0.10196017928589883	1.2378100378089854	1.0460878562459317	0.16068094804605593
358	0.671043645	0.5334813667777778	0.2899729734894569	1.6861799337730445	1.1672678089140107	0.5111612666829275
359	0.5532212099999999	0.596410249368421	0.12864642554714936	1.4841789406023564	1.2389827651720922	0.21042758434538555
360	0.5559282152105263	0.3485565794210526	0.30270009395361414	1.488819973025804	0.9565239900130456	0.534886275688316
361	0.2870128525263158	0.2377744992631579	0.11037080635552632	1.0277773002863868	0.8302746160271167	0.17635945156378705
362	0.3081607218947368	0.17941718463157894	0.17186236374486683	1.0640343222692121	0.7637695059115103	0.29098771778677623
363	0.3996566023157895	0.6330196302631579	-0.050227047885606786	1.2208996825554694	1.2807035147137642	-0.12301585087382225
364	0.5947546144444444	0.7529325431111111	0.061972544804815795	1.5553859984732759	1.4173585599909986	0.08613879290266138
365	0.19071604994736843	-0.03218787005263155	0.20070489441682163	0.8626809859884432	0.522620344891392	0.3447539488723901
