pos	sens	sens_err	sens_score
1	0.0388	0.6654	0.0584
2	-0.0014	0.7155	-0.002
3	0.1004	0.7669	0.1309
4	0.022	0.6978	0.0315
5	0.0848	0.7589	0.1117
6	0.0022	0.7241	0.0031
7	-0.0207	0.6964	-0.0298
8	-0.0536	0.6023	-0.089
9	-0.001	0.6526	-0.0016
10	-0.0032	0.6732	-0.0048
11	-0.0345	0.7218	-0.0478
12	0.0092	0.7001	0.0132
13	0.002	0.6993	0.0028
14	0.0986	0.691	0.1427
15	0.101	0.745	0.1356
16	-0.0054	0.6621	-0.0081
17	0.3061	0.6947	0.4406
18	-0.0082	0.6881	-0.0119
19	0.2085	0.7023	0.2969
20	0.0662	0.6975	0.0949
21	-0.0024	0.6805	-0.0035
22	-0.0322	0.7038	-0.0458
23	0.025	0.6919	0.0362
24	-0.0125	0.7023	-0.0178
25	0.0053	0.7077	0.0074
26	0.0382	0.6888	0.0555
27	-0.0132	0.6818	-0.0194
28	0.0483	0.6944	0.0695
29	0.0065	0.687	0.0094
30	-0.017	0.6932	-0.0245
31	-0.0109	0.6952	-0.0156
32	0.0191	0.6703	0.0285
33	-0.0133	0.6723	-0.0198
34	-0.0144	0.6742	-0.0214
35	-0.0568	0.6806	-0.0834
36	0.009	0.7026	0.0128
37	0.0414	0.6665	0.0622
38	0.0274	0.6794	0.0404
39	-0.0362	0.6792	-0.0533
40	-0.001	0.6753	-0.0014
41	0.0021	0.6718	0.0032
42	0.0527	0.6809	0.0775
43	0.1567	0.7131	0.2198
44	0.0636	0.6775	0.0939
45	0.0471	0.6528	0.0721
46	0.287	0.6848	0.4191
47	-0.0035	0.6575	-0.0054
48	0.3017	0.6269	0.4812
49	0.0865	0.6051	0.1429
50	0.477	0.6321	0.7546
51	0.9352	0.663	1.4105
52	0.6263	0.5912	1.0594
53	0.429	0.7613	0.5636
54	0.699	0.8103	0.8626
55	0.784	1.7897	0.4381
56	0.6817	1.281	0.5322
57	0.758	1.3326	0.5688
58	1.2628	1.5344	0.823
59	0.6396	1.406	0.4549
60	0.6321	1.4553	0.4343
61	0.6109	1.4721	0.415
62	1.124	1.5051	0.7467
63	0.6146	1.3299	0.4621
64	0.621	1.3627	0.4557
65	1.1668	1.3974	0.835
66	0.8191	1.3789	0.594
67	0.4393	1.3212	0.3325
68	0.6759	1.3529	0.4996
69	1.3007	1.4425	0.9017
70	0.2856	1.3561	0.2106
71	0.2258	1.3164	0.1716
72	0.8116	1.3508	0.6008
73	0.2459	1.2956	0.1898
74	0.1379	1.2353	0.1117
75	0.8113	1.3306	0.6097
76	0.9047	1.31	0.6906
77	0.3713	1.3001	0.2856
78	0.8757	1.3571	0.6453
79	0.3872	1.2426	0.3117
80	0.5496	1.2629	0.4352
81	0.175	1.1909	0.1469
82	0.6736	1.2447	0.5412
83	0.4032	1.2037	0.335
84	0.6672	1.3392	0.4983
85	1.1143	1.398	0.7971
86	0.8874	1.4019	0.633
87	1.0317	1.263	0.8169
88	0.6794	1.3161	0.5162
89	1.2749	1.4044	0.9078
90	1.394	1.351	1.0318
91	0.7456	1.2548	0.5942
92	0.6253	1.2995	0.4811
93	0.5798	1.3311	0.4356
94	1.1884	1.6972	0.7002
95	0.8544	1.3399	0.6377
96	0.9818	1.3205	0.7435
97	0.7516	1.2255	0.6133
98	0.5711	1.1961	0.4775
99	0.6118	1.2398	0.4934
100	1.3532	1.1898	1.1373
101	0.9508	1.2439	0.7644
102	0.9285	1.1796	0.7871
103	0.739	1.1629	0.6355
104	0.9061	1.2775	0.7093
105	0.0235	0.9681	0.0243
106	0.392	0.9537	0.411
107	0.5842	0.8659	0.6747
108	0.0908	0.6601	0.1376
109	-0.0395	1.5016	-0.0263
110	0.0335	2.8369	0.0118
111	0.1383	1.3373	0.1034
112	-0.0097	1.2852	-0.0076
113	0.1546	1.3074	0.1182
114	-0.0476	1.2969	-0.0367
115	0.009	1.2986	0.007
116	-0.0455	1.2914	-0.0352
117	0.151	1.2548	0.1204
118	0.0433	1.3197	0.0328
119	0.2195	1.2922	0.1699
120	-0.0064	1.3317	-0.0048
121	1.0695	1.3323	0.8027
122	1.3358	1.4591	0.9155
123	0.7293	1.3306	0.5481
124	0.9947	1.3562	0.7335
125	1.054	1.3329	0.7907
126	1.7309	1.411	1.2267
127	1.2329	1.3446	0.9169
128	1.1485	1.3618	0.8433
129	0.867	1.3326	0.6506
130	1.5584	1.3831	1.1268
131	0.9035	1.3494	0.6695
132	1.6704	1.4089	1.1856
133	0.8975	1.301	0.6899
134	1.3386	1.5012	0.8917
135	1.4207	1.385	1.0258
136	1.1136	1.4136	0.7877
137	0.5456	1.2589	0.4334
138	0.7926	1.3203	0.6003
139	1.2986	1.4439	0.8994
140	0.7387	1.3823	0.5344
141	0.6837	1.2689	0.5388
142	0.8696	1.3806	0.6299
143	1.8128	1.3811	1.3125
144	1.2892	1.329	0.9701
145	0.9332	1.3394	0.6967
146	0.6436	1.2337	0.5217
147	1.7402	1.3785	1.2624
148	1.1382	1.2586	0.9043
149	0.8907	1.3738	0.6483
150	1.1243	1.3182	0.8529
151	1.5481	1.3085	1.1831
152	0.1055	1.2313	0.0857
153	0.5362	1.2053	0.4448
154	0.9182	1.2151	0.7557
155	1.1314	1.1979	0.9445
156	0.0516	1.2352	0.0417
157	1.6361	1.328	1.232
158	0.0839	1.2733	0.0659
159	0.1419	1.3035	0.1089
160	0.6086	1.224	0.4972
161	1.2947	1.1152	1.1609
162	1.4465	1.0329	1.4005
163	-0.0096	0.9611	-0.01
164	0.208	0.8361	0.2487
165	0.6063	1.7952	0.3377
166	1.1359	3.1227	0.3638
167	0.1506	1.2118	0.1243
168	0.1962	0.9061	0.2165
169	0.546	1.0576	0.5162
170	1.1346	1.1614	0.9769
171	0.5023	1.1024	0.4556
172	0.4594	1.117	0.4113
173	0.409	1.0993	0.3721
174	1.5213	1.1767	1.2928
175	0.4869	1.0012	0.4863
176	0.3539	1.0542	0.3357
177	1.344	1.1359	1.1832
178	0.2639	1.2269	0.2151
179	0.6562	1.0834	0.6057
180	0.4179	1.0354	0.4036
181	1.5909	1.1748	1.3542
182	0.3327	1.0532	0.3159
183	0.4093	1.074	0.3811
184	0.8393	1.1087	0.757
185	1.5209	1.1519	1.3203
186	0.1273	1.0509	0.1212
187	1.0295	1.0885	0.9457
188	0.9573	1.1376	0.8415
189	0.4013	1.0708	0.3748
190	0.2949	1.0459	0.2819
191	0.0103	1.0438	0.0098
192	0.1458	1.0311	0.1414
193	1.0677	1.1362	0.9397
194	1.098	1.1612	0.9456
195	0.562	1.1021	0.5099
196	0.7735	1.1284	0.6855
197	1.2157	1.1578	1.05
198	0.7184	1.1025	0.6517
199	0.6402	1.0745	0.5959
200	0.4585	1.0665	0.4299
201	0.7979	1.1616	0.6869
202	0.5169	1.1102	0.4656
203	0.4476	1.053	0.4251
204	0.6552	1.0978	0.5968
205	0.416	1.0088	0.4124
206	0.192	1.0097	0.1901
207	0.6356	1.1013	0.5771
208	0.4509	0.9884	0.4562
209	0.2888	0.9709	0.2975
210	0.2271	1.0041	0.2262
211	0.8897	1.1541	0.7709
212	1.4838	1.122	1.3225
213	0.4842	1.0925	0.4432
214	0.1802	1.0717	0.1682
215	1.3825	1.1926	1.1593
216	0.5368	1.1518	0.466
217	0.1594	1.0568	0.1509
218	0.2453	1.0483	0.234
219	1.3529	1.1744	1.1519
220	0.3152	1.004	0.3139
221	0.0329	1.19	0.0277
222	0.5365	1.3789	0.3891
223	0.0989	0.8858	0.1116
224	0.1221	1.2547	0.0973
225	0.282	1.157	0.2437
226	0.0599	1.1079	0.0541
227	0.1064	1.1246	0.0946
228	0.0852	1.0303	0.0827
229	-0.006	1.0232	-0.0059
230	-0.0042	1.0508	-0.004
231	-0.0066	1.0975	-0.006
232	0.0321	1.0492	0.0305
233	-0.0505	0.9885	-0.0511
234	0.0195	1.1077	0.0176
235	0.0553	0.9881	0.056
236	-0.0479	1.0513	-0.0456
237	-0.0115	0.9761	-0.0118
238	0.1493	0.9594	0.1556
239	-0.0792	0.9552	-0.0829
240	0.0469	0.9954	0.0471
241	0.1819	0.9329	0.195
242	0.3366	0.9545	0.3526
243	0.773	1.0166	0.7604
244	0.2358	0.9617	0.2452
245	0.3331	0.9513	0.3501
246	0.2522	1.01	0.2497
247	0.5884	1.0411	0.5652
248	0.4406	1.0191	0.4323
249	0.3827	0.9544	0.401
250	0.4568	1.0	0.4568
251	0.5659	1.0187	0.5555
252	0.7326	1.0086	0.7263
253	0.3557	0.9842	0.3615
254	0.3904	0.9867	0.3956
255	0.4425	0.96	0.461
256	0.4654	0.9923	0.469
257	0.5404	0.9803	0.5512
258	0.451	0.9048	0.4984
259	0.398	0.9592	0.4149
260	1.2747	1.0035	1.2703
261	0.8915	1.0355	0.861
262	0.8166	0.9833	0.8305
263	0.6044	1.0198	0.5926
264	1.1024	0.993	1.1102
265	0.9834	1.0232	0.9611
266	0.5035	0.9847	0.5113
267	0.5597	1.0128	0.5526
268	0.5243	0.9453	0.5547
269	0.4345	0.9676	0.449
270	0.0956	0.8903	0.1074
271	1.0514	1.0	1.0514
272	0.643	0.8385	0.7668
273	0.0716	0.8406	0.0852
274	0.1646	0.8652	0.1903
275	-0.0558	0.8241	-0.0676
276	-0.0648	0.81	-0.0799
277	1.0575	0.9079	1.1648
278	-0.0136	1.772	-0.0077
279	0.0404	0.8052	0.0502
280	0.6053	0.7455	0.812
281	0.704	0.7596	0.9268
282	0.2294	0.7252	0.3162
283	0.0676	0.7272	0.0929
284	0.7376	0.7785	0.9474
285	0.4276	0.7716	0.5543
286	0.1641	0.7237	0.2267
287	0.5301	0.7651	0.6928
288	0.7679	0.8053	0.9536
289	0.4825	0.7391	0.6528
290	0.64	0.7897	0.8103
291	0.6994	0.7636	0.9158
292	0.7481	0.767	0.9754
293	0.5101	0.859	0.5938
294	0.6111	0.7329	0.8337
295	0.7374	0.7991	0.9229
296	0.5611	0.8037	0.6982
297	0.6218	0.7587	0.8195
298	0.9954	0.7768	1.2815
299	1.0334	0.8116	1.2733
300	0.4162	0.7669	0.5426
301	0.725	0.7553	0.9599
302	1.0003	0.78	1.2824
303	0.8318	0.8047	1.0337
304	0.4683	0.7098	0.6598
305	0.5335	0.7408	0.7202
306	0.1345	0.7402	0.1818
307	-0.0179	0.68	-0.0263
308	0.3022	0.7293	0.4143
309	0.75	0.7863	0.9538
310	0.3216	0.7329	0.4388
311	0.0603	0.6943	0.0868
312	0.2783	0.6925	0.4019
313	0.4063	0.7449	0.5455
314	0.1095	0.6605	0.1658
315	0.041	0.6998	0.0586
316	0.193	0.6891	0.28
317	0.1959	0.7144	0.2743
318	0.0142	0.7337	0.0193
319	-0.086	0.7156	-0.1201
320	-0.0285	0.6339	-0.0449
321	-0.021	0.7409	-0.0283
322	-0.001	0.6935	-0.0014
323	0.0161	0.7106	0.0227
324	0.0419	0.711	0.059
325	-0.0003	0.7368	-0.0004
326	0.0061	0.805	0.0075
327	-0.0338	0.677	-0.05
328	-0.0487	0.7056	-0.0691
329	-0.0536	0.689	-0.0778
330	0.014	0.689	0.0204
331	0.0137	0.7108	0.0192
332	0.039	0.6571	0.0593
