residue_number	score
2	0.9931006393846155
3	0.9659887145
4	0.9234123076153846
5	0.7366960711764705
6	0.6651370586470589
7	0.9039047601111112
8	0.9542707119473683
9	0.9712586766
10	1.006627304
11	0.9926113141666667
12	0.9863591376666666
13	1.002696282625
14	1.152395253
15	0.9066403101666666
16	1.0322751481818182
17	0.828422405117647
18	0.9711156375333334
19	0.9726054436666668
20	0.9775385549375
21	0.933877428625
22	0.7483711852
23	0.9689907947999999
24	0.6949621750588236
25	0.9852051428333333
26	0.8924168058947368
27	0.9471182003999999
28	0.9515839933636364
29	0.8872936796249999
30	0.942771373875
31	0.962684636357143
32	0.9514896214999999
33	0.9794954442105263
34	0.9216859310526316
35	0.9219072949473684
36	0.9257741816
37	0.9343771593636364
38	0.8955985137777778
39	0.7467033747894737
40	0.7263372407222222
41	0.8361694571052631
42	0.7330021628421053
43	0.6016806439473684
44	0.7299673149473683
45	0.7096141268421053
46	0.5212189503333333
47	0.6932449476111111
48	0.42541492142105264
49	0.6281939074210526
50	0.600489902368421
51	0.7595819257222222
52	0.7433358274736842
53	0.5966334837368421
54	0.3442811257647059
55	0.2061549895882353
56	0.5844964208421053
57	0.546996539
58	0.556197149631579
59	0.34686253336842104
60	0.8601227306875
61	0.7402224094736841
62	0.6488338430526316
63	0.9958122988421052
64	0.7492257311666667
65	0.873123830388889
66	0.9933728805625
67	0.8108073081052631
68	0.8423317271052632
69	0.7185861363888889
70	0.8945362525625
71	0.9678728363888889
72	0.9049341741818182
73	0.6766768666153846
74	0.8617744802307693
75	0.7778706802631579
76	0.7080206403999999
77	0.5541221027777777
78	0.6401590610555555
79	1.027135469631579
80	0.19527382494117648
81	0.49629428838888884
82	0.34477950333333335
83	0.5798241268888888
84	0.34471718285714287
85	0.4309063393846154
86	0.6733115234545455
87	0.7764812231111111
88	0.6768892402666666
89	0.33176149235714286
90	0.6821688199444444
91	0.36950379866666666
92	0.8485545365263157
93	0.3245893414666667
94	0.4230240645
95	0.18408263886666668
96	0.9666907878947368
97	0.39387268927777774
98	0.658778452
99	0.937278562
100	0.9445184083076923
101	0.7448840837058823
102	0.7983910750588236
103	0.7868637113529412
104	0.9492792541875
105	0.7660579475294118
106	0.9555920182941177
107	0.8041677959411765
108	0.7797711440588235
109	0.7111834703888888
110	0.8905431899230769
111	0.5278096494705882
112	0.9177218751578948
113	0.8016180396666667
114	0.716194861125
115	0.5844187293846154
116	0.9589816028888889
117	0.22178839115384616
118	0.4334618964117647
119	0.6137357952352941
120	0.7708809084444445
121	0.19749147615384616
122	0.379205337
123	0.7060834439230769
124	0.603113239
125	0.3645275505294117
126	0.7214074811538461
127	0.35353320355555556
128	0.2700936204375
129	0.3788966658235294
130	0.5291617185263158
131	0.44372034873684213
132	0.41893750925
133	0.31933058021052635
134	0.5538618002777778
135	0.633558722875
136	0.3310570975714286
137	0.4548887229333333
138	0.6983945827777778
139	0.6834211196666666
140	0.7774936261666666
141	0.4006887007894737
142	0.769975567
143	0.7046927839473685
144	0.7544884428947368
145	1.0204363888421053
146	1.0044386819473683
147	0.9830019405625
148	1.0314615096842106
149	0.8341118127894737
150	0.9367578719473685
151	0.9994385500666667
152	0.9956391030714286
153	0.973527347
154	0.945105028923077
155	0.9635258539411765
156	0.7124221934375
157	0.4981726256666667
158	0.7896462296315789
159	0.8926575978947368
160	0.5455591535789474
161	0.7713682360526315
162	0.8121691482222223
163	0.46776610247368416
164	0.1740961292105263
165	0.6614876848947369
166	0.7629269815625
167	0.2769152828947368
168	0.6284865475
169	0.6351780772105263
170	0.5770870775263157
171	0.271290434631579
172	0.5591583786842105
173	0.19625008078947367
174	0.5811579547894737
175	0.5949801874736842
176	0.7764139098421052
177	0.8489722498888889
178	0.8792722020833333
179	0.8424774817894737
180	0.8979282232105263
181	0.9105925680526316
182	0.8644138661052632
183	0.90679500975
184	0.8950912369333334
185	0.9367984343333333
186	1.0102806140588234
187	0.9928435030526316
188	0.9693170747368421
189	0.9935139037499999
190	0.9634415496666667
191	0.8198467507894737
192	0.5669047138947368
193	0.9793164806315788
194	0.8859976064210526
195	1.031724371125
196	0.8278680201578947
197	0.9385354487894736
198	0.8754173700000001
199	0.880959385882353
200	0.7992558445882354
201	0.9152708738421054
202	0.9050994058888888
203	0.7983298696875
204	0.896740627
205	0.44379840952631583
206	0.7203063497222222
207	0.5052017649999999
208	0.5634981532631579
209	0.9114200528333333
210	0.6586497278421053
211	0.6241036611764706
212	0.6174389930526316
213	0.5861004995263158
214	0.28336718321052634
215	0.4805939275882353
216	0.6678474385
217	0.18877898666666668
218	0.6009605400555555
219	0.5418810943529412
220	0.758513611
221	0.7368326148947368
222	0.5962571075624999
223	0.7514685629375
224	0.6137457467999999
225	0.8314397330588235
226	0.6224244165
227	0.8619644219285715
228	0.3752967756923077
229	0.7021943877368421
230	0.6494209870625
231	0.8864352332631578
232	0.6597585287777777
233	0.8177115397368421
234	0.9334234201538462
235	0.9018020161666667
236	0.9988028012631578
237	0.970811440611111
238	0.9818219376470589
239	0.9113189231428571
240	0.9988267726666665
241	0.99973448225
242	0.9736101009999999
243	0.9826870981111111
244	0.958428246090909
245	0.9569331200588236
246	0.9712095279999999
247	0.9357060684117647
248	0.9751139817894737
249	0.9358781282352941
250	0.9658174408235293
251	0.87085154625
252	0.9114115969473684
253	0.9976009153333334
254	0.9318701427222221
255	0.9776858556666667
256	1.0024127180588234
257	0.9261225384444445
258	0.9304518816842106
259	0.9468440022352941
260	1.000286903277778
261	0.8865916541052632
262	0.8892482320666667
263	0.8136128171999999
264	0.9282416046666667
265	0.9281884929473684
266	0.906186165
267	0.9737061964736842
268	0.6725480495263157
269	0.5989634059375
270	0.678934255
271	0.6857728132142856
272	0.3565349297777778
273	0.5041820358823529
274	0.6625767843157895
275	0.6380156643157895
276	0.5031278854705882
277	0.9596653433888888
278	0.5921535487222223
279	0.739813249375
280	0.36671778316666664
281	0.7308791324117647
282	0.522507506882353
283	0.42760874311764707
284	0.5916117515555555
285	0.5643619688333333
286	0.103221927
287	0.7881610104615385
288	0.5879264020526316
289	0.6257398766315789
290	0.8117242137368421
291	0.7583244291578947
292	0.4336160483157895
293	0.6198235467777777
294	0.898677583
295	0.40510816946666667
296	0.34741112926315787
297	0.9334931346666667
298	0.8814467702105263
299	0.8969984170526316
300	0.9559174064210526
301	0.9822103990526316
302	0.9731622611578947
303	0.8051736983333333
304	0.7522793074444444
305	0.980080676
306	0.8994808562631578
307	1.0125104247894736
308	0.9977266863684211
309	0.9625968655789474
310	0.8410704281764706
311	0.9749514836842106
312	0.811613195368421
313	0.6006223242631579
314	0.711596389
315	0.8088811107368421
316	0.6016784197777778
317	0.8082429072666667
318	0.4159651269333333
319	0.6505724576470588
320	0.7501018290625
321	0.5867419771111111
322	0.16191506115789472
323	0.5004066013157895
324	0.1685853527368421
325	0.6635591467777777
326	0.74280079225
327	0.8497156348235294
328	0.4538535114736842
329	0.7807763171666666
330	0.8576543906666667
331	0.8825216525999999
332	0.8221606530666666
333	1.0007979287142856
334	0.9460631849411766
335	0.7186798920526316
336	0.511950620117647
337	0.7799860291052632
338	0.9762569071052631
339	0.7081171835263158
340	0.7908084956842105
341	0.9677641592941176
342	0.979948059
343	0.9978575024210526
344	0.9567882519473684
345	1.002726355
346	0.9451681488888889
347	0.9703515574736843
348	0.943283258
349	0.9455136955263157
350	0.942841709
351	0.9731785022105264
352	0.9691109950000001
353	1.001213960352941
354	0.9509334843125
355	1.0068618233888889
356	0.9654771127647059
357	1.0164307941875
358	1.0237937085555557
359	0.9367545761052631
360	1.023374771105263
361	0.9612468332941176
362	1.0175979349
363	0.9886509932307692
364	1.0048166454736842
365	1.042393143142857
366	0.9143287465
367	0.7885291255454546
368	1.010507058
369	1.155986074
370	0.956127897
371	1.166788218
