	Region	GPCRdb #	FZD7 Residue	Conservation	FZD1 Residue	Conservation.1	FZD2 Residue	Conservation.2	FZD3 Residue	Conservation.3	FZD4 Residue	Conservation.4	FZD5 Residue	Conservation.5	FZD6 Residue	Conservation.6	FZD8 Residue	Conservation.7	FZD9 Residue	Conservation.8	FZD10 Residue	Conservation.9	SMO Residue	Conservation.10
0	N-term	49	C49	C 99.52%	C116	C 100.00%	C39	C 100.00%	C28	C 97.57%	C45	C 99.50%	C33	C 97.87%	C24	C 98.97%	C35	C 100.00%	C39	C 97.48%	C34	C 99.05%	C70	C 97.73%
1	N-term	57	C57	C 100.00%	C124	C 100.00%	C47	C 100.00%	C36	C 100.00%	C53	C 99.53%	C41	C 100.00%	C32	C 97.92%	C43	C 100.00%	C47	C 98.26%	C42	C 99.53%	C78	C 98.65%
2	N-term	62	Y62	Y 99.53%	Y129	Y 100.00%	Y52	Y 100.00%	Y41	Y 99.04%	Y58	Y 100.00%	Y46	Y 99.48%	Y37	Y/F 98.96%	Y48	Y 100.00%	Y52	Y/W 98.84%	Y47	Y 99.53%	Y85	Y/H/F 99.09%
3	N-term	65	T65	T 100.00%	T132	T 100.00%	T55	T 100.00%	T44	T 97.61%	T61	T 99.53%	T49	T 98.97%	T40	T 99.49%	T51	T 100.00%	T55	T 97.14%	T50	T 98.60%	T88	T 87.44%
4	N-term	76	Q76	Q 100.00%	Q143	Q 100.00%	Q66	Q 100.00%	Q55	Q/E 96.71%	Q72	Q 99.53%	Q60	Q 99.01%	Q51	Q 98.51%	Q62	Q 100.00%	Q66	Q/E 97.74%	Q61	Q 98.62%	Q99	Q/E 89.14%
5	N-term	79	A79	A 100.00%	A146	A 100.00%	A69	A 100.00%	A58	A 97.65%	A75	A 98.60%	A63	A 68.81%	A54	A 98.02%	A65	A 100.00%	A69	A 97.75%	A64	A 98.62%	A102	A 49.32%
6	N-term	86	F86	F 100.00%	F153	F 100.00%	F76	F 100.00%	F65	F 98.65%	F82	F 99.53%	F70	F 100.00%	F61	F 99.55%	F72	F 100.00%	F76	F 97.21%	F71	F 99.08%	W109	W/Y 80.62%
7	N-term	89	L89	L 100.00%	L156	L 100.00%	L79	L 100.00%	M68	M/L 97.35%	L85	L 99.53%	L73	L 100.00%	L64	L 98.17%	L75	L 100.00%	L79	L 99.44%	L74	L 99.54%	L112	L/M 97.89%
8	N-term	94	C94	C 100.00%	C161	C 100.00%	C84	C 100.00%	C73	C 99.56%	C90	C 98.60%	C78	C 99.51%	C69	C 99.55%	C80	C 100.00%	C84	C 99.44%	C79	C 97.71%	C118	C 100.00%
9	N-term	102	L102	L 100.00%	L169	L 100.00%	L92	L 100.00%	L81	L 99.56%	L98	L 99.59%	L86	L 99.51%	L77	L/M 98.65%	L88	L 100.00%	L92	L 99.44%	L87	L 100.00%	L126	L 98.28%
10	N-term	103	C103	C 100.00%	C170	C 100.00%	C93	C 100.00%	C82	C 99.56%	C99	C 99.59%	C87	C 99.51%	C78	C 99.55%	C89	C 100.00%	C93	C 99.44%	C88	C 99.08%	C127	C 99.15%
11	N-term	106	Y106	Y 100.00%	Y173	Y 100.00%	Y96	Y 100.00%	Y85	Y/H/W 99.11%	Y102	Y/F 100.00%	Y90	Y/H 100.00%	F81	F/Y 100.00%	Y92	Y 100.00%	Y96	Y/F 98.89%	Y91	Y/H/W 99.54%	Y130	Y/F 96.58%
12	N-term	108	P108	P 100.00%	P175	P 99.37%	P98	P 100.00%	P87	P 99.11%	P104	P 100.00%	P92	P 100.00%	P83	P 99.55%	P94	P 100.00%	P98	P 99.44%	P93	P 100.00%	P132	P 99.17%
13	N-term	110	C110	C 100.00%	C177	C 99.37%	C100	C 100.00%	C89	C 99.56%	C106	C 100.00%	C94	C 99.03%	C85	C 100.00%	C96	C 100.00%	C100	C 98.90%	C95	C 100.00%	C134	C 100.00%
14	N-term	124	C124	C 100.00%	C191	C 99.37%	C114	C 100.00%	C103	C 99.56%	C121	C 99.61%	C109	C 98.54%	C99	C 99.55%	C111	C 100.00%	C115	C 98.91%	C110	C 99.55%	C147	C 99.59%
15	N-term	131	C131	C 100.00%	C198	C 99.37%	C121	C 99.44%	C110	C 100.00%	C128	C 99.61%	C116	C 99.02%	C106	C 99.55%	C118	C 99.34%	C122	C 98.39%	C117	C 100.00%	C154	C 99.59%
16	N-term	142	W142	W 99.53%	W209	W 100.00%	W132	W 100.00%	W121	W/Y 99.13%	W139	W 100.00%	W127	W 99.04%	W117	W 99.11%	W129	W 99.34%	W133	W 98.93%	W128	W 99.55%	W163	W 80.99%
17	N-term	143	P143	P 100.00%	P210	P 100.00%	P133	P 100.00%	P122	P 97.39%	P140	P 99.61%	P128	P 99.52%	P118	P 99.55%	P130	P 100.00%	P134	P 99.46%	P129	P 99.55%	P164	P 97.94%
18	N-term	146	L146	L 100.00%	L213	L 100.00%	L136	L 100.00%	M125	M/L 94.81%	L143	L/M 100.00%	M131	M 98.59%	L121	L/M 100.00%	M133	M 99.34%	L137	L 99.46%	L132	L 99.55%	L167	L/M 82.94%
19	N-term	148	C148	C 99.07%	C215	C 100.00%	C138	C 100.00%	C127	C 97.82%	C145	C 99.61%	C133	C 98.12%	C123	C 99.11%	C135	C 99.34%	C139	C 99.47%	C134	C 100.00%	C169	C 99.21%
20	N-term	210	C210	C 100.00%	C276	C 99.37%	C201	C 100.00%	C165	C 99.57%	C181	C 99.61%	C192	C 99.53%	C161	C 100.00%	C234	C 97.12%	C196	C 98.47%	C192	C 100.00%	C193	C 100.00%
21	N-term	230	C230	C 100.00%	C296	C 100.00%	C221	C 100.00%	C185	C 100.00%	C200	C 100.00%	C218	C 99.53%	C181	C 100.00%	C260	C 96.50%	C211	C 98.53%	C207	C 100.00%	C213	C 100.00%
22	N-term	234	C234	C 100.00%	C300	C 100.00%	C225	C 100.00%	C189	C 100.00%	C204	C 100.00%	C222	C 100.00%	C185	C 100.00%	C264	C 97.20%	C215	C 99.02%	C211	C 100.00%	C217	C 100.00%
23	TM1	1x24	F245	F 100.00%	F311	F 100.00%	F236	F 100.00%	F194	F 100.00%	Y211	Y/H/F 100.00%	F227	F 99.53%	F190	F 96.04%	F269	F 97.18%	W223	W 99.51%	W219	W 100.00%	F222	F/Y 95.38%
24	TM1	1x35	W256	W 96.28%	W322	W 100.00%	W247	W 100.00%	F205	F 99.13%	W222	W 100.00%	W238	W 100.00%	F201	F 99.56%	W280	W 97.89%	W234	W 99.03%	W230	W 100.00%	Y233	Y/W/F 73.66%
25	TM1	1x50	T271	T 100.00%	T337	T 100.00%	T262	T 100.00%	T220	T 100.00%	T237	T 100.00%	T253	T 100.00%	T216	T 99.56%	T295	T 97.22%	T249	T 100.00%	T245	T 100.00%	T248	T 80.15%
26	TM1	1x53	T274	T 100.00%	T340	T 100.00%	T265	T 100.00%	T223	T 100.00%	T240	T 100.00%	T256	T 100.00%	T219	T 100.00%	T298	T 97.20%	T252	T 100.00%	T248	T 100.00%	T251	T 95.80%
27	TM1	1x54	Y275	Y 100.00%	Y341	Y 100.00%	Y266	Y 99.44%	F224	F 100.00%	F241	F 100.00%	F257	F 100.00%	F220	F 100.00%	F299	F/Y 97.90%	F253	F 100.00%	F249	F 100.00%	F252	F/Y 96.56%
28	TM1	1x57	D278	D 100.00%	D344	D 100.00%	D269	D 99.44%	D227	D 99.57%	D244	D 99.21%	D260	D 100.00%	D223	D 98.68%	D302	D 98.60%	E256	E 60.00%	D252	D 99.12%	D255	D 91.98%
29	TM2	2x39	Y284	Y 100.00%	Y350	Y 100.00%	Y275	Y 100.00%	Y233	Y 100.00%	Y250	Y 100.00%	Y266	Y 100.00%	Y229	Y 100.00%	Y308	Y/H 97.20%	Y262	Y 100.00%	Y258	Y 100.00%	Y262	Y/F 100.00%
30	TM2	2x40	P285	P 100.00%	P351	P 100.00%	P276	P 100.00%	P234	P 99.57%	P251	P 100.00%	P267	P 100.00%	P230	P 100.00%	P309	P 100.00%	P263	P 100.00%	P259	P 100.00%	P263	P 98.08%
31	TM2	2x46	F291	F 100.00%	F357	F 100.00%	F282	F 100.00%	F240	F 99.13%	F257	F 99.21%	F273	F 100.00%	Y236	Y/F 100.00%	F315	F/Y 97.92%	F269	F 100.00%	F265	F 100.00%	Y269	Y/H/W/F 100.00%
32	TM2	2x50	C295	C 100.00%	C361	C 100.00%	C286	C 100.00%	C244	C 100.00%	C261	C 100.00%	C277	C 100.00%	C240	C 100.00%	C319	C 99.30%	C273	C 100.00%	C269	C 68.28%	C273	C 98.85%
33	TM2	2x51	Y296	Y 100.00%	Y362	Y 100.00%	Y287	Y 100.00%	Y245	Y 100.00%	Y262	Y/F 75.59%	Y278	Y 100.00%	Y241	Y 99.12%	Y320	Y 98.59%	Y274	Y 99.53%	Y270	Y 100.00%	F274	F/Y 95.40%
34	TM2	2x58	H303	Y/H 99.53%	Y369	Y/H 100.00%	Y294	Y/F 100.00%	F252	F 100.00%	Y269	Y/F 100.00%	F285	Y/F 100.00%	Y248	Y 100.00%	Y327	Y/F 97.89%	F281	F 100.00%	Y277	Y/F 100.00%	W281	W/Y 95.04%
35	ECL1	315	C315	C 100.00%	C381	C 100.00%	C306	C 100.00%	C264	C 100.00%	C282	C 100.00%	C298	C 100.00%	C260	C 100.00%	C340	C 97.08%	C294	C 100.00%	C290	C 99.12%	C295	C 100.00%
36	TM3	3x25	C336	C 100.00%	C402	C 100.00%	C327	C 100.00%	C286	C 99.57%	C302	C 100.00%	C315	C 100.00%	C282	C 100.00%	C396	C 98.14%	C313	C 100.00%	C309	C 100.00%	C314	C 100.00%
37	TM3	3x29	F340	F 100.00%	F406	F 100.00%	F331	F 100.00%	F290	F 99.13%	F306	F 100.00%	F319	F 100.00%	F286	F 99.56%	F400	F 98.76%	F317	F 100.00%	F313	F 100.00%	F318	F/Y 99.62%
38	TM3	3x33	Y344	Y 100.00%	Y410	Y 100.00%	Y335	Y 100.00%	Y294	Y 100.00%	Y310	Y 100.00%	Y323	Y/F 100.00%	Y290	Y 100.00%	Y404	Y 100.00%	Y321	Y 100.00%	Y317	Y 100.00%	Y322	Y 100.00%
39	TM3	3x34	F345	F 100.00%	F411	F 100.00%	F336	F 100.00%	F295	F 100.00%	F311	F/Y 100.00%	F324	F 100.00%	F291	F 100.00%	F405	F 100.00%	Y322	Y 100.00%	Y318	Y 100.00%	Y323	Y/W/F 99.62%
40	TM3	3x35	F346	F 100.00%	F412	F 100.00%	F337	F 100.00%	F296	F 99.57%	F312	F 100.00%	F325	F 99.53%	F292	F 96.04%	F406	F 100.00%	F323	F 100.00%	F319	F 100.00%	A324	F 35.74%
41	TM3	3x37	M348	M 100.00%	M414	M 100.00%	M339	M 99.44%	M298	M 99.57%	M314	M 96.86%	M327	M 100.00%	M294	M/L 78.07%	M408	M 99.38%	M325	M 100.00%	M321	M 100.00%	M326	M/L 79.47%
42	TM3	3x38	A349	A 100.00%	A415	A 98.74%	A340	A 100.00%	A299	A 98.28%	A315	A 99.61%	A328	A 99.07%	A295	A 99.56%	A409	A 100.00%	A326	A 100.00%	A322	A 100.00%	A327	A 80.23%
43	TM3	3x42	W353	W 100.00%	W419	W 100.00%	W344	W 100.00%	W303	W 100.00%	W319	W 100.00%	W332	W 100.00%	W299	W 100.00%	W413	W 100.00%	W330	W 100.00%	W326	W 100.00%	W331	W 100.00%
44	TM3	3x43	W354	W 100.00%	W420	W 100.00%	W345	W 100.00%	W304	W 99.57%	W320	W 100.00%	W333	W 100.00%	W300	W 100.00%	W414	W 100.00%	W331	W 100.00%	W327	W 100.00%	F332	F/Y 98.10%
45	TM3	3x44	V355	V 100.00%	V421	V 100.00%	V346	V 100.00%	V305	V 99.57%	V321	V/I 100.00%	V334	V 100.00%	V301	V 99.56%	V415	V 100.00%	V332	V 100.00%	V328	V 99.56%	V333	V/I 96.58%
46	TM3	3x45	I356	I/V 99.53%	I422	I 100.00%	I347	I/V 100.00%	I306	I/V 99.57%	I322	I/V 99.61%	I335	I/V 100.00%	I302	I/V 94.30%	I416	I 100.00%	V333	V/I 100.00%	V329	I/V 100.00%	V334	V/I 65.40%
47	TM3	3x46	L357	L 100.00%	L423	L 100.00%	L348	L 100.00%	L307	L 100.00%	L323	L 100.00%	L336	L 100.00%	L303	L 100.00%	L417	L 100.00%	L334	L 100.00%	L330	L 100.00%	L335	L/M 86.31%
48	TM3	3x50	W361	W 100.00%	W427	W 100.00%	W352	W 100.00%	W311	W 99.57%	W327	W 100.00%	W340	W 100.00%	W307	W 100.00%	W421	W 100.00%	W338	W 100.00%	W334	W 100.00%	W339	W/Y 93.89%
49	TM4	4x36	E372	E 100.00%	E438	E 100.00%	E363	E 99.44%	E322	E 100.00%	E338	E 100.00%	E351	E 100.00%	E318	E 100.00%	E432	E 99.38%	E349	E 100.00%	E345	E 100.00%	Q351	Q/E 64.26%
50	TM4	4x45	F381	F 100.00%	F447	F 100.00%	F372	F 100.00%	F331	F/Y 100.00%	F347	F 100.00%	F360	F 100.00%	F327	F/Y 99.56%	F441	F/Y 100.00%	F358	F 100.00%	F354	F 100.00%	F360	F/Y 98.48%
51	TM4	4x46	H382	H 100.00%	H448	H 100.00%	H373	H 100.00%	H332	H 99.57%	H348	H 100.00%	H361	H 100.00%	H328	H 100.00%	H442	H 100.00%	H359	H 100.00%	H355	H 100.00%	H361	H 98.86%
52	TM4	4x50	W386	W 100.00%	W452	W 100.00%	W377	W 100.00%	W336	W 99.57%	W352	W 100.00%	W365	W 100.00%	W332	W 100.00%	W446	W 100.00%	W363	W 100.00%	W359	W 100.00%	W365	W 98.86%
53	TM4	4x53	P389	P 100.00%	P455	P 100.00%	P380	P 100.00%	P339	P 99.57%	P355	P 100.00%	P368	P 100.00%	P335	P 100.00%	P449	P 100.00%	P366	P 100.00%	P362	P 100.00%	P368	P 98.48%
54	TM4	4x58	I394	I 100.00%	I460	I 100.00%	I385	I/V 100.00%	I344	I/V 99.57%	I360	I/V 100.00%	I373	I/V 100.00%	V340	V/I 99.12%	I454	I/V 99.38%	I371	I/V 100.00%	I367	I/V 100.00%	V373	V/I 95.04%
55	TM4	4x61	L397	L 100.00%	L463	L 100.00%	L388	L 100.00%	L347	L 99.57%	L363	L 99.22%	L376	L 100.00%	L343	L 100.00%	L457	L 99.38%	L374	L 100.00%	L370	L 100.00%	L376	L/M 93.51%
56	ECL2	402	V402	V 100.00%	V468	V 100.00%	I393	I/V 99.44%	I352	I/V 100.00%	V368	V/I 100.00%	V381	V 100.00%	V348	V 100.00%	V462	V 99.38%	V379	V 100.00%	V375	V 100.00%	V381	V/I 99.24%
57	ECL2	405	D405	D 100.00%	D471	D 100.00%	D396	D 100.00%	D355	D 100.00%	D371	D 100.00%	D384	D 100.00%	D351	D 100.00%	D465	D 99.38%	D382	D 100.00%	D378	D 100.00%	D384	D 67.56%
58	ECL2	409	G409	G 100.00%	G475	G 100.00%	G400	G 100.00%	G359	G 100.00%	G375	G 99.22%	G388	G 100.00%	G355	G 100.00%	G469	G 99.38%	G386	G 100.00%	G382	G 100.00%	G388	G 99.24%
59	ECL2	45x50	C411	C 100.00%	C477	C 100.00%	C402	C 100.00%	C361	C 100.00%	C377	C 100.00%	C390	C 100.00%	C357	C 100.00%	C471	C 100.00%	C388	C 100.00%	C384	C 100.00%	C390	C 99.62%
60	ECL2	45x51	Y412	Y/F 100.00%	F478	F/Y 100.00%	F403	F/Y 100.00%	F362	F/Y 100.00%	Y378	Y/F 100.00%	Y391	Y/F 100.00%	F358	F/Y 100.00%	Y472	Y/F 99.38%	Y389	Y 100.00%	Y385	Y 100.00%	F391	F/Y 98.48%
61	ECL2	45x52	V413	V 100.00%	V479	V 100.00%	V404	V 100.00%	V363	V/I 99.57%	V379	V 100.00%	V392	V/I 100.00%	V359	V/I 98.68%	V473	V 100.00%	V390	V 100.00%	V386	V/I 100.00%	V392	V/I 98.11%
62	ECL2	414	G414	G 100.00%	G480	G 100.00%	G405	G 83.71%	G364	G 100.00%	G380	G 100.00%	G393	G 100.00%	G360	G 100.00%	G474	G 100.00%	A391	G 63.03%	G387	G 100.00%	G393	G 95.83%
63	TM5	5x461	F424	F 100.00%	F490	F/Y 100.00%	F415	F 100.00%	F374	F 99.57%	F390	F 100.00%	F403	F 99.54%	F370	F 100.00%	F484	F 99.38%	F401	F 100.00%	F397	F 100.00%	F403	F 80.53%
64	TM5	5x47	V425	V/I 100.00%	V491	V 100.00%	V416	V/I 100.00%	V375	V 94.83%	V391	V 98.44%	V404	V 100.00%	V371	V/I 99.12%	V485	V 100.00%	V402	V/I 100.00%	V398	V 100.00%	V404	V/I 70.23%
65	TM5	5x50	P428	P 100.00%	P494	P 100.00%	P419	P 100.00%	P378	P 99.57%	P394	P 100.00%	P407	P 99.54%	P374	P 100.00%	P488	P 100.00%	P405	P 100.00%	P401	P 100.00%	P407	P 99.24%
66	TM5	5x58	G436	G 100.00%	G502	G 100.00%	G427	G 100.00%	G386	G 100.00%	G402	G 100.00%	G415	G 99.53%	G382	G 100.00%	G496	G 100.00%	G413	G 100.00%	G409	G 100.00%	G415	G 93.13%
67	TM5	5x65	G443	G 99.53%	G509	G 100.00%	G434	G 99.44%	G393	G 100.00%	G409	G 100.00%	G422	G 99.06%	G389	G 100.00%	G503	G 100.00%	G420	G 100.00%	G416	G 100.00%	G422	G 92.94%
68	TM5	5x69	L447	L 100.00%	L513	L 100.00%	L438	L 100.00%	L397	L 100.00%	L413	L/M 100.00%	L426	L 98.58%	L393	L 100.00%	L507	L 100.00%	L424	L 100.00%	L420	L 100.00%	L426	L 98.83%
69	TM5	5x72	I450	I 100.00%	I516	I 100.00%	I441	I 100.00%	V400	V/I 100.00%	I416	I/V 100.00%	I429	I 99.53%	V396	V 100.00%	I510	I 100.00%	I427	I 100.00%	I423	I 100.00%	I429	I/V 64.06%
70	TM5	5x73	R451	R 100.00%	R517	R 100.00%	R442	R 100.00%	R401	R 100.00%	R417	R/K 99.61%	R430	R 99.53%	R397	R 100.00%	R511	R 100.00%	R428	R 100.00%	R424	R 100.00%	K430	K/R 95.72%
71	TM6	6x25	K463	K 100.00%	K529	K 100.00%	K454	K 99.44%	K413	K 100.00%	K429	K 100.00%	K442	K 99.53%	K409	K 100.00%	K525	K/R 99.38%	K440	K 99.53%	K436	K 100.00%	K444	K/R 96.53%
72	TM6	6x30	M468	M 100.00%	M534	M 100.00%	M459	M 100.00%	M418	M 100.00%	M434	M 99.61%	M447	M 99.53%	M414	M 100.00%	M530	M 100.00%	M445	M 100.00%	M441	M 100.00%	M449	M/L 55.21%
73	TM6	6x32	R470	R 100.00%	R536	R 100.00%	R461	R 100.00%	R420	R 99.57%	K436	K/R 100.00%	R449	R 99.53%	R416	R 100.00%	R532	R 100.00%	K447	K 100.00%	R443	R 99.56%	R451	R/K 98.46%
74	TM6	6x34	G472	G 100.00%	G538	G 100.00%	G463	G 100.00%	G422	G 99.57%	G438	G 100.00%	G451	G 99.53%	G418	G 99.12%	G534	G 100.00%	G449	G 100.00%	G445	G 99.56%	G453	G 86.59%
75	TM6	6x36	F474	F 100.00%	F540	F 100.00%	F465	F 100.00%	F424	F 100.00%	F440	F 100.00%	F453	F 99.53%	F420	F 100.00%	F536	F 100.00%	F451	F/Y 100.00%	F447	F 99.12%	F455	F/Y 83.91%
76	TM6	6x39	L477	L/M 100.00%	L543	L 100.00%	L468	L 100.00%	L427	L 100.00%	L443	L 100.00%	L456	L 99.53%	L423	L 98.68%	L539	L 99.38%	L454	L 100.00%	L450	L 99.56%	L458	L/M 75.10%
77	TM6	6x50	C488	C 100.00%	C554	C 100.00%	C479	C 100.00%	C438	C 100.00%	C454	C 99.22%	C467	C 99.53%	C434	C 100.00%	C550	C 100.00%	C465	C 100.00%	C461	C 99.56%	C469	C 88.51%
78	TM6	6x53	Y491	Y 100.00%	Y557	Y 100.00%	Y482	Y 100.00%	Y441	Y 100.00%	Y457	Y 100.00%	Y470	Y 99.53%	Y437	Y/F 99.56%	Y553	Y 99.38%	Y468	Y 100.00%	Y464	Y 99.56%	Y472	Y/H/F 91.19%
79	TM6	6x54	E492	E 100.00%	E558	E 100.00%	E483	E 100.00%	E442	E 100.00%	E458	E/Q 99.61%	E471	E 99.53%	E438	E 100.00%	E554	E 99.38%	E469	E 100.00%	E465	E 99.56%	D473	D 54.79%
80	TM6	6x61	W499	W 100.00%	W565	W 99.37%	W490	W 100.00%	W449	W 100.00%	F465	F 94.09%	W478	W 99.53%	W445	W 100.00%	W561	W 100.00%	W476	W 99.52%	W472	W 99.12%	W480	W/Y 97.69%
81	ECL3	515	C515	C 100.00%	C581	C 100.00%	C506	C 100.00%	C465	C 100.00%	--	- -	C486	C 99.53%	C461	C 99.56%	C569	C 100.00%	C497	C 99.51%	C492	C 99.12%	C507	C 99.61%
82	TM7	7x49	G541	G 100.00%	G614	G 100.00%	G532	G 100.00%	G491	G 99.55%	G488	G 99.60%	G514	G 98.60%	G487	G 100.00%	G597	G 100.00%	G521	G 99.52%	G515	G 99.56%	G529	G 96.46%
83	TM7	7x50	I542	I 100.00%	I615	I 100.00%	I533	I 100.00%	I492	I/V 99.10%	I489	I/V 99.21%	I515	I 97.66%	I488	I 99.11%	I598	I 99.38%	I522	I 99.52%	I516	I/V 100.00%	I530	I/V 92.52%
84	TM7	7x55	W547	W 100.00%	W620	W 100.00%	W538	W 100.00%	W497	W 99.10%	W494	W 99.21%	W520	W 99.05%	W493	W 100.00%	W603	W 99.38%	W527	W 100.00%	W521	W 99.56%	W535	W 99.21%
85	TM7	7x56	I548	I/V 100.00%	I621	I 100.00%	I539	I 100.00%	V498	V 99.10%	I495	I/V 99.60%	I521	I/V 99.05%	V494	V/I 100.00%	V604	V/I 93.17%	V528	V 99.52%	I522	I/V 99.56%	V536	V/I 83.46%
86	H8	8x50	T553	T 100.00%	T626	T 99.37%	T544	T 100.00%	T503	T 99.55%	T500	T 99.21%	T526	T 99.05%	T499	T 100.00%	T609	T 99.38%	T533	T 100.00%	T527	T 99.12%	T541	T 83.86%
87	H8	8x54	W557	W 100.00%	W630	W 100.00%	W548	W 100.00%	W507	W 100.00%	W504	W 99.61%	W530	W 99.05%	W503	W 100.00%	W613	W 99.38%	W537	W 100.00%	W531	W 99.12%	W545	W 99.61%
